VSG,pct,day,parasites
parasitemia,,6,2000000
parasitemia,,7,76000000
parasitemia,,8,100000000
parasitemia,,10,14000000
parasitemia,,12,100000
parasitemia,,14,8000000
parasitemia,,16,24000000
parasitemia,,18,6000000
parasitemia,,20,16000000
parasitemia,,21,12000000
parasitemia,,22,1600000
parasitemia,,24,1000000
parasitemia,,26,100000
parasitemia,,28,1300000
parasitemia,,30,100000
c3778_g1_i1_d18_1467,94.13397559,6,1882679.512
c3778_g1_i1_d18_1467,0.484785484,12,484.7854836
c3778_g1_i1_d18_1467,0.034723824,14,2777.905929
c3778_g1_i1_d18_1467,.001,18,1
c3778_g1_i1_d18_1467,.001,21,1
c3778_g1_i1_d18_1467,.001,24,1
c3778_g1_i1_d18_1467,0.011359985,26,11.35998454
c3778_g1_i1_d18_1467,.001,30,1
c2565_g2_i1_d12_1602,5.652618554,6,113052.3711
c2565_g2_i1_d12_1602,5.78236499,12,5782.36499
c2565_g2_i1_d12_1602,.001,14,1
c2565_g2_i1_d12_1602,.001,18,1
c2565_g2_i1_d12_1602,0.022635618,21,2716.274115
c2565_g2_i1_d12_1602,.001,24,1
c2565_g2_i1_d12_1602,.001,26,1
c2565_g2_i1_d12_1602,.001,30,1
c6715_g1_i1_d6-7_1473,0.043307641,6,866.1528204
c6715_g1_i1_d6-7_1473,0.272907407,12,272.9074067
c6715_g1_i1_d6-7_1473,.001,14,1
c6715_g1_i1_d6-7_1473,.001,18,1
c6715_g1_i1_d6-7_1473,.001,21,1
c6715_g1_i1_d6-7_1473,.001,24,1
c6715_g1_i1_d6-7_1473,.001,26,1
c6715_g1_i1_d6-7_1473,.001,30,1
c4432_g1_i2_d21_978,0.039028261,6,780.5652208
c4432_g1_i2_d21_978,0.150433066,12,150.4330665
c4432_g1_i2_d21_978,.001,14,1
c4432_g1_i2_d21_978,0.01423896,18,854.3375734
c4432_g1_i2_d21_978,0.35191561,21,42229.87317
c4432_g1_i2_d21_978,1.856530784,24,18565.30784
c4432_g1_i2_d21_978,1.168487151,26,1168.487151
c4432_g1_i2_d21_978,0.043496189,30,43.49618866
c3778_g2_i1_d18_1392,0.03181967,6,636.3934084
c3778_g2_i1_d18_1392,1.649422709,12,1649.422709
c3778_g2_i1_d18_1392,3.307375492,14,264590.0394
c3778_g2_i1_d18_1392,41.94372734,18,2516623.641
c3778_g2_i1_d18_1392,0.016930225,21,2031.627024
c3778_g2_i1_d18_1392,.001,24,1
c3778_g2_i1_d18_1392,.001,26,1
c3778_g2_i1_d18_1392,.001,30,1
c3778_g3_i1_d18_1581,0.01403686,6,280.7372006
c3778_g3_i1_d18_1581,0.593658007,12,593.6580074
c3778_g3_i1_d18_1581,0.326426729,14,26114.13831
c3778_g3_i1_d18_1581,.001,18,1
c3778_g3_i1_d18_1581,.001,21,1
c3778_g3_i1_d18_1581,.001,24,1
c3778_g3_i1_d18_1581,.001,26,1
c3778_g3_i1_d18_1581,.001,30,1
c1376_g1_i1_d14_1321,0.01220085,6,244.0169948
c1376_g1_i1_d14_1321,0.017865562,12,17.86556241
c1376_g1_i1_d14_1321,.001,14,1
c1376_g1_i1_d14_1321,.001,18,1
c1376_g1_i1_d14_1321,.001,21,1
c1376_g1_i1_d14_1321,.001,24,1
c1376_g1_i1_d14_1321,.001,26,1
c1376_g1_i1_d14_1321,0.040679549,30,40.67954855
c1469_g1_i1_d21_976,0.012162389,6,243.2477847
c1469_g1_i1_d21_976,.001,12,1
c1469_g1_i1_d21_976,.001,14,1
c1469_g1_i1_d21_976,.001,18,1
c1469_g1_i1_d21_976,0.027093718,21,3251.246188
c1469_g1_i1_d21_976,0.147967176,24,1479.67176
c1469_g1_i1_d21_976,0.183787022,26,183.7870223
c1469_g1_i1_d21_976,0.016178086,30,16.17808642
c4563_g1_i1_d14_1408,0.010663968,6,213.2793699
c4563_g1_i1_d14_1408,0.03283145,12,32.83145047
c4563_g1_i1_d14_1408,.001,14,1
c4563_g1_i1_d14_1408,0.013889336,18,833.3601345
c4563_g1_i1_d14_1408,0.021801136,21,2616.136354
c4563_g1_i1_d14_1408,0.037199038,24,371.9903818
c4563_g1_i1_d14_1408,.001,26,1
c4563_g1_i1_d14_1408,0.02532605,30,25.32604969
c4209_g2_i1_d6-7_1392,0.010551488,6,211.0297698
c4209_g2_i1_d6-7_1392,2.505796107,12,2505.796107
c4209_g2_i1_d6-7_1392,0.084401574,14,6752.125899
c4209_g2_i1_d6-7_1392,0.128219416,18,7693.164965
c4209_g2_i1_d6-7_1392,.001,21,1
c4209_g2_i1_d6-7_1392,.001,24,1
c4209_g2_i1_d6-7_1392,.001,26,1
c4209_g2_i1_d6-7_1392,.001,30,1
c3733_g1_i1_d30_948,.001,6,1
c3733_g1_i1_d30_948,.001,12,1
c3733_g1_i1_d30_948,.001,14,1
c3733_g1_i1_d30_948,.001,18,1
c3733_g1_i1_d30_948,0.024279567,21,2913.548033
c3733_g1_i1_d30_948,0.04402732,24,440.2731994
c3733_g1_i1_d30_948,0.109470859,26,109.4708585
c3733_g1_i1_d30_948,.001,30,1
c2595_g1_i2_d12_1449,.001,6,1
c2595_g1_i2_d12_1449,.001,12,1
c2595_g1_i2_d12_1449,0.010641073,14,851.2858749
c2595_g1_i2_d12_1449,0.06267188,18,3760.312822
c2595_g1_i2_d12_1449,.001,21,1
c2595_g1_i2_d12_1449,.001,24,1
c2595_g1_i2_d12_1449,.001,26,1
c2595_g1_i2_d12_1449,.001,30,1
c4483_g5_i1_d21_943,.001,6,1
c4483_g5_i1_d21_943,.001,12,1
c4483_g5_i1_d21_943,.001,14,1
c4483_g5_i1_d21_943,.001,18,1
c4483_g5_i1_d21_943,0.019101428,21,2292.171406
c4483_g5_i1_d21_943,0.170333702,24,1703.337021
c4483_g5_i1_d21_943,0.388630355,26,388.6303547
c4483_g5_i1_d21_943,0.01945974,30,19.45973999
c914_g1_i1_d12_1542,.001,6,1
c914_g1_i1_d12_1542,62.15786089,12,62157.86089
c914_g1_i1_d12_1542,44.78242872,14,3582594.298
c914_g1_i1_d12_1542,0.026685178,18,1601.110661
c914_g1_i1_d12_1542,.001,21,1
c914_g1_i1_d12_1542,.001,24,1
c914_g1_i1_d12_1542,.001,26,1
c914_g1_i1_d12_1542,.001,30,1
c377_g1_i1_d6-7_1350,.001,6,1
c377_g1_i1_d6-7_1350,.001,12,1
c377_g1_i1_d6-7_1350,.001,14,1
c377_g1_i1_d6-7_1350,.001,18,1
c377_g1_i1_d6-7_1350,.001,21,1
c377_g1_i1_d6-7_1350,0.032657865,24,326.5786515
c377_g1_i1_d6-7_1350,.001,26,1
c377_g1_i1_d6-7_1350,0.011038599,30,11.03859868
c4596_g3_i2_d14_1497,.001,6,1
c4596_g3_i2_d14_1497,1.138684854,12,1138.684854
c4596_g3_i2_d14_1497,.001,14,1
c4596_g3_i2_d14_1497,10.41630884,18,624978.5303
c4596_g3_i2_d14_1497,0.232848792,21,27941.85508
c4596_g3_i2_d14_1497,1.11603258,24,11160.3258
c4596_g3_i2_d14_1497,0.419187114,26,419.1871136
c4596_g3_i2_d14_1497,.001,30,1
c3981_g4_i1_d30_1542,.001,6,1
c3981_g4_i1_d30_1542,.001,12,1
c3981_g4_i1_d30_1542,.001,14,1
c3981_g4_i1_d30_1542,.001,18,1
c3981_g4_i1_d30_1542,.001,21,1
c3981_g4_i1_d30_1542,.001,24,1
c3981_g4_i1_d30_1542,0.326012235,26,326.0122347
c3981_g4_i1_d30_1542,.001,30,1
c3801_g2_i4_d18_1029,.001,6,1
c3801_g2_i4_d18_1029,0.019765865,12,19.76586511
c3801_g2_i4_d18_1029,.001,14,1
c3801_g2_i4_d18_1029,0.015136285,18,908.1771196
c3801_g2_i4_d18_1029,0.033641351,21,4036.962128
c3801_g2_i4_d18_1029,0.065952964,24,659.5296384
c3801_g2_i4_d18_1029,0.029138903,26,29.13890281
c3801_g2_i4_d18_1029,.001,30,1
c4596_g2_i1_d14_1422,.001,6,1
c4596_g2_i1_d14_1422,0.639675515,12,639.6755155
c4596_g2_i1_d14_1422,.001,14,1
c4596_g2_i1_d14_1422,.001,18,1
c4596_g2_i1_d14_1422,.001,21,1
c4596_g2_i1_d14_1422,.001,24,1
c4596_g2_i1_d14_1422,.001,26,1
c4596_g2_i1_d14_1422,.001,30,1
c3761_g2_i1_d26_1392,.001,6,1
c3761_g2_i1_d26_1392,.001,12,1
c3761_g2_i1_d26_1392,0.040040583,14,3203.246626
c3761_g2_i1_d26_1392,0.011144472,18,668.6683141
c3761_g2_i1_d26_1392,.001,21,1
c3761_g2_i1_d26_1392,.001,24,1
c3761_g2_i1_d26_1392,.001,26,1
c3761_g2_i1_d26_1392,.001,30,1
c2565_g1_i1_d12_1500,.001,6,1
c2565_g1_i1_d12_1500,0.723783043,12,723.7830429
c2565_g1_i1_d12_1500,.001,14,1
c2565_g1_i1_d12_1500,.001,18,1
c2565_g1_i1_d12_1500,.001,21,1
c2565_g1_i1_d12_1500,.001,24,1
c2565_g1_i1_d12_1500,.001,26,1
c2565_g1_i1_d12_1500,.001,30,1
c2414_g1_i3_d18_1404,.001,6,1
c2414_g1_i3_d18_1404,.001,12,1
c2414_g1_i3_d18_1404,.001,14,1
c2414_g1_i3_d18_1404,0.124328045,18,7459.682682
c2414_g1_i3_d18_1404,.001,21,1
c2414_g1_i3_d18_1404,.001,24,1
c2414_g1_i3_d18_1404,.001,26,1
c2414_g1_i3_d18_1404,.001,30,1
c4596_g1_i1_d14_1519,.001,6,1
c4596_g1_i1_d14_1519,.001,12,1
c4596_g1_i1_d14_1519,0.031978574,14,2558.285932
c4596_g1_i1_d14_1519,.001,18,1
c4596_g1_i1_d14_1519,.001,21,1
c4596_g1_i1_d14_1519,.001,24,1
c4596_g1_i1_d14_1519,.001,26,1
c4596_g1_i1_d14_1519,.001,30,1
c3790_g1_i1_d26_1497,.001,6,1
c3790_g1_i1_d26_1497,0.566560862,12,566.5608624
c3790_g1_i1_d26_1497,0.424666213,14,33973.29706
c3790_g1_i1_d26_1497,.001,18,1
c3790_g1_i1_d26_1497,.001,21,1
c3790_g1_i1_d26_1497,.001,24,1
c3790_g1_i1_d26_1497,.001,26,1
c3790_g1_i1_d26_1497,.001,30,1
c1999_g1_i1_d18_1302,.001,6,1
c1999_g1_i1_d18_1302,19.91681567,12,19916.81567
c1999_g1_i1_d18_1302,49.82102476,14,3985681.981
c1999_g1_i1_d18_1302,.001,18,1
c1999_g1_i1_d18_1302,.001,21,1
c1999_g1_i1_d18_1302,.001,24,1
c1999_g1_i1_d18_1302,.001,26,1
c1999_g1_i1_d18_1302,.001,30,1
c4621_g1_i1_d14_1551,.001,6,1
c4621_g1_i1_d14_1551,1.400476804,12,1400.476804
c4621_g1_i1_d14_1551,0.839630753,14,67170.4602
c4621_g1_i1_d14_1551,.001,18,1
c4621_g1_i1_d14_1551,.001,21,1
c4621_g1_i1_d14_1551,.001,24,1
c4621_g1_i1_d14_1551,.001,26,1
c4621_g1_i1_d14_1551,.001,30,1
c3963_g1_i1_d30_1512,.001,6,1
c3963_g1_i1_d30_1512,0.360988665,12,360.9886654
c3963_g1_i1_d30_1512,0.053663243,14,4293.059479
c3963_g1_i1_d30_1512,.001,18,1
c3963_g1_i1_d30_1512,.001,21,1
c3963_g1_i1_d30_1512,.001,24,1
c3963_g1_i1_d30_1512,.001,26,1
c3963_g1_i1_d30_1512,.001,30,1
c3312_g1_i1_d18_1575,.001,6,1
c3312_g1_i1_d18_1575,0.228308256,12,228.3082557
c3312_g1_i1_d18_1575,.001,14,1
c3312_g1_i1_d18_1575,.001,18,1
c3312_g1_i1_d18_1575,.001,21,1
c3312_g1_i1_d18_1575,.001,24,1
c3312_g1_i1_d18_1575,.001,26,1
c3312_g1_i1_d18_1575,.001,30,1
c2673_g1_i1_d14_1439,.001,6,1
c2673_g1_i1_d14_1439,0.223585734,12,223.585734
c2673_g1_i1_d14_1439,.001,14,1
c2673_g1_i1_d14_1439,.001,18,1
c2673_g1_i1_d14_1439,.001,21,1
c2673_g1_i1_d14_1439,.001,24,1
c2673_g1_i1_d14_1439,.001,26,1
c2673_g1_i1_d14_1439,0.059004843,30,59.00484275
c580_g1_i1_d12_1454,.001,6,1
c580_g1_i1_d12_1454,0.183315914,12,183.3159139
c580_g1_i1_d12_1454,.001,14,1
c580_g1_i1_d12_1454,.001,18,1
c580_g1_i1_d12_1454,.001,21,1
c580_g1_i1_d12_1454,.001,24,1
c580_g1_i1_d12_1454,.001,26,1
c580_g1_i1_d12_1454,.001,30,1
c4361_g1_i1_d21_1458,.001,6,1
c4361_g1_i1_d21_1458,0.172721102,12,172.7211025
c4361_g1_i1_d21_1458,0.092610383,14,7408.830665
c4361_g1_i1_d21_1458,28.05565405,18,1683339.243
c4361_g1_i1_d21_1458,.001,21,1
c4361_g1_i1_d21_1458,.001,24,1
c4361_g1_i1_d21_1458,.001,26,1
c4361_g1_i1_d21_1458,.001,30,1
c470_g1_i1_d12_1461,.001,6,1
c470_g1_i1_d12_1461,0.146302652,12,146.3026521
c470_g1_i1_d12_1461,0.051054156,14,4084.332446
c470_g1_i1_d12_1461,0.02279653,18,1367.791813
c470_g1_i1_d12_1461,.001,21,1
c470_g1_i1_d12_1461,.001,24,1
c470_g1_i1_d12_1461,.001,26,1
c470_g1_i1_d12_1461,.001,30,1
c4596_g4_i1_d14_1383,.001,6,1
c4596_g4_i1_d14_1383,0.129120848,12,129.1208478
c4596_g4_i1_d14_1383,.001,14,1
c4596_g4_i1_d14_1383,0.263018987,18,15781.13922
c4596_g4_i1_d14_1383,14.05186412,21,1686223.695
c4596_g4_i1_d14_1383,.001,24,1
c4596_g4_i1_d14_1383,.001,26,1
c4596_g4_i1_d14_1383,.001,30,1
c3604_g1_i3_d18_1482,.001,6,1
c3604_g1_i3_d18_1482,0.114906497,12,114.9064968
c3604_g1_i3_d18_1482,.001,14,1
c3604_g1_i3_d18_1482,0.051943258,18,3116.595481
c3604_g1_i3_d18_1482,.001,21,1
c3604_g1_i3_d18_1482,.001,24,1
c3604_g1_i3_d18_1482,.001,26,1
c3604_g1_i3_d18_1482,.001,30,1
c2548_g1_i1_d12_1494,.001,6,1
c2548_g1_i1_d12_1494,0.05927515,12,59.27514981
c2548_g1_i1_d12_1494,.001,14,1
c2548_g1_i1_d12_1494,0.015407694,18,924.4616639
c2548_g1_i1_d12_1494,0.026303018,21,3156.362111
c2548_g1_i1_d12_1494,.001,24,1
c2548_g1_i1_d12_1494,.001,26,1
c2548_g1_i1_d12_1494,.001,30,1
c329_g1_i1_d12_1533,.001,6,1
c329_g1_i1_d12_1533,0.054356223,12,54.35622279
c329_g1_i1_d12_1533,.001,14,1
c329_g1_i1_d12_1533,.001,18,1
c329_g1_i1_d12_1533,.001,21,1
c329_g1_i1_d12_1533,.001,24,1
c329_g1_i1_d12_1533,0.16348449,26,163.4844903
c329_g1_i1_d12_1533,0.038538392,30,38.53839201
c4996_g1_i1_d12_1476,.001,6,1
c4996_g1_i1_d12_1476,0.044137251,12,44.13725146
c4996_g1_i1_d12_1476,.001,14,1
c4996_g1_i1_d12_1476,.001,18,1
c4996_g1_i1_d12_1476,0.034984771,21,4198.172491
c4996_g1_i1_d12_1476,.001,24,1
c4996_g1_i1_d12_1476,.001,26,1
c4996_g1_i1_d12_1476,.001,30,1
c473_g1_i1_d12_1605,.001,6,1
c473_g1_i1_d12_1605,0.043195348,12,43.19534848
c473_g1_i1_d12_1605,0.010371211,14,829.6969188
c473_g1_i1_d12_1605,.001,18,1
c473_g1_i1_d12_1605,.001,21,1
c473_g1_i1_d12_1605,.001,24,1
c473_g1_i1_d12_1605,.001,26,1
c473_g1_i1_d12_1605,.001,30,1
c3444_g1_i1_d18_1419,.001,6,1
c3444_g1_i1_d18_1419,0.04104106,12,41.04106024
c3444_g1_i1_d18_1419,.001,14,1
c3444_g1_i1_d18_1419,5.039117037,18,302347.0222
c3444_g1_i1_d18_1419,0.018367082,21,2204.049869
c3444_g1_i1_d18_1419,0.221402854,24,2214.028541
c3444_g1_i1_d18_1419,0.084115051,26,84.11505138
c3444_g1_i1_d18_1419,.001,30,1
c1620_g1_i1_d12_1413,.001,6,1
c1620_g1_i1_d12_1413,0.038791873,12,38.79187315
c1620_g1_i1_d12_1413,.001,14,1
c1620_g1_i1_d12_1413,.001,18,1
c1620_g1_i1_d12_1413,.001,21,1
c1620_g1_i1_d12_1413,.001,24,1
c1620_g1_i1_d12_1413,.001,26,1
c1620_g1_i1_d12_1413,.001,30,1
c2524_g1_i1_d6-7_1452,.001,6,1
c2524_g1_i1_d6-7_1452,0.031829309,12,31.82930935
c2524_g1_i1_d6-7_1452,.001,14,1
c2524_g1_i1_d6-7_1452,.001,18,1
c2524_g1_i1_d6-7_1452,.001,21,1
c2524_g1_i1_d6-7_1452,.001,24,1
c2524_g1_i1_d6-7_1452,.001,26,1
c2524_g1_i1_d6-7_1452,.001,30,1
c3790_g6_i2_d26_1512,.001,6,1
c3790_g6_i2_d26_1512,0.030321274,12,30.32127392
c3790_g6_i2_d26_1512,.001,14,1
c3790_g6_i2_d26_1512,.001,18,1
c3790_g6_i2_d26_1512,.001,21,1
c3790_g6_i2_d26_1512,.001,24,1
c3790_g6_i2_d26_1512,.001,26,1
c3790_g6_i2_d26_1512,.001,30,1
c3205_g1_i1_d26_1422,.001,6,1
c3205_g1_i1_d26_1422,0.020367197,12,20.36719745
c3205_g1_i1_d26_1422,.001,14,1
c3205_g1_i1_d26_1422,0.445890589,18,26753.43534
c3205_g1_i1_d26_1422,.001,21,1
c3205_g1_i1_d26_1422,.001,24,1
c3205_g1_i1_d26_1422,.001,26,1
c3205_g1_i1_d26_1422,.001,30,1
c6551_g1_i1_d21_1482,.001,6,1
c6551_g1_i1_d21_1482,.001,12,1
c6551_g1_i1_d21_1482,.001,14,1
c6551_g1_i1_d21_1482,5.488617735,18,329317.0641
c6551_g1_i1_d21_1482,26.38044801,21,3165653.761
c6551_g1_i1_d21_1482,.001,24,1
c6551_g1_i1_d21_1482,.001,26,1
c6551_g1_i1_d21_1482,.001,30,1
c5532_g2_i2_d24_1007,.001,6,1
c5532_g2_i2_d24_1007,.001,12,1
c5532_g2_i2_d24_1007,.001,14,1
c5532_g2_i2_d24_1007,.001,18,1
c5532_g2_i2_d24_1007,.001,21,1
c5532_g2_i2_d24_1007,0.158017931,24,1580.179313
c5532_g2_i2_d24_1007,0.036282998,26,36.28299833
c5532_g2_i2_d24_1007,.001,30,1
c3738_g2_i1_d18_1404,.001,6,1
c3738_g2_i1_d18_1404,.001,12,1
c3738_g2_i1_d18_1404,.001,14,1
c3738_g2_i1_d18_1404,.001,18,1
c3738_g2_i1_d18_1404,0.02771802,21,3326.162432
c3738_g2_i1_d18_1404,.001,24,1
c3738_g2_i1_d18_1404,.001,26,1
c3738_g2_i1_d18_1404,.001,30,1
c452_g1_i1_d21_1533,.001,6,1
c452_g1_i1_d21_1533,.001,12,1
c452_g1_i1_d21_1533,.001,14,1
c452_g1_i1_d21_1533,.001,18,1
c452_g1_i1_d21_1533,0.124272743,21,14912.72911
c452_g1_i1_d21_1533,.001,24,1
c452_g1_i1_d21_1533,.001,26,1
c452_g1_i1_d21_1533,.001,30,1
c353_g1_i1_d6-7_948,.001,6,1
c353_g1_i1_d6-7_948,.001,12,1
c353_g1_i1_d6-7_948,.001,14,1
c353_g1_i1_d6-7_948,.001,18,1
c353_g1_i1_d6-7_948,0.016514322,21,1981.718633
c353_g1_i1_d6-7_948,0.189293932,24,1892.939317
c353_g1_i1_d6-7_948,.001,26,1
c353_g1_i1_d6-7_948,.001,30,1
c3724_g1_i3_d26_1371,.001,6,1
c3724_g1_i3_d26_1371,.001,12,1
c3724_g1_i3_d26_1371,.001,14,1
c3724_g1_i3_d26_1371,0.108039329,18,6482.359743
c3724_g1_i3_d26_1371,.001,21,1
c3724_g1_i3_d26_1371,.001,24,1
c3724_g1_i3_d26_1371,.001,26,1
c3724_g1_i3_d26_1371,.001,30,1
c4500_g2_i2_d21_1395,.001,6,1
c4500_g2_i2_d21_1395,.001,12,1
c4500_g2_i2_d21_1395,.001,14,1
c4500_g2_i2_d21_1395,.001,18,1
c4500_g2_i2_d21_1395,0.60670324,21,72804.38877
c4500_g2_i2_d21_1395,0.116182289,24,1161.82289
c4500_g2_i2_d21_1395,.001,26,1
c4500_g2_i2_d21_1395,.001,30,1
c3688_g1_i1_d26_1500,.001,6,1
c3688_g1_i1_d26_1500,.001,12,1
c3688_g1_i1_d26_1500,.001,14,1
c3688_g1_i1_d26_1500,.001,18,1
c3688_g1_i1_d26_1500,0.019307571,21,2316.908573
c3688_g1_i1_d26_1500,0.382508476,24,3825.084755
c3688_g1_i1_d26_1500,1.719920239,26,1719.920239
c3688_g1_i1_d26_1500,.001,30,1
c2721_g1_i1_d14_1380,.001,6,1
c2721_g1_i1_d14_1380,.001,12,1
c2721_g1_i1_d14_1380,.001,14,1
c2721_g1_i1_d14_1380,0.281657337,18,16899.44023
c2721_g1_i1_d14_1380,.001,21,1
c2721_g1_i1_d14_1380,.001,24,1
c2721_g1_i1_d14_1380,.001,26,1
c2721_g1_i1_d14_1380,.001,30,1
c1696_g1_i1_d12_1582,.001,6,1
c1696_g1_i1_d12_1582,.001,12,1
c1696_g1_i1_d12_1582,.001,14,1
c1696_g1_i1_d12_1582,0.084646396,18,5078.783755
c1696_g1_i1_d12_1582,.001,21,1
c1696_g1_i1_d12_1582,.001,24,1
c1696_g1_i1_d12_1582,.001,26,1
c1696_g1_i1_d12_1582,.001,30,1
c4517_g2_i1_d21_1467,.001,6,1
c4517_g2_i1_d21_1467,.001,12,1
c4517_g2_i1_d21_1467,.001,14,1
c4517_g2_i1_d21_1467,3.176191745,18,190571.5047
c4517_g2_i1_d21_1467,34.64996658,21,4157995.99
c4517_g2_i1_d21_1467,.001,24,1
c4517_g2_i1_d21_1467,.001,26,1
c4517_g2_i1_d21_1467,.001,30,1
c4459_g2_i1_d21_1469,.001,6,1
c4459_g2_i1_d21_1469,.001,12,1
c4459_g2_i1_d21_1469,.001,14,1
c4459_g2_i1_d21_1469,0.023001102,18,1380.066097
c4459_g2_i1_d21_1469,0.231602198,21,27792.26382
c4459_g2_i1_d21_1469,0.040293327,24,402.9332729
c4459_g2_i1_d21_1469,.001,26,1
c4459_g2_i1_d21_1469,.001,30,1
c3743_g1_i1_d18_1465,.001,6,1
c3743_g1_i1_d18_1465,.001,12,1
c3743_g1_i1_d18_1465,.001,14,1
c3743_g1_i1_d18_1465,0.147727749,18,8863.664952
c3743_g1_i1_d18_1465,.001,21,1
c3743_g1_i1_d18_1465,.001,24,1
c3743_g1_i1_d18_1465,.001,26,1
c3743_g1_i1_d18_1465,.001,30,1
c3764_g1_i1_d26_1479,.001,6,1
c3764_g1_i1_d26_1479,.001,12,1
c3764_g1_i1_d26_1479,.001,14,1
c3764_g1_i1_d26_1479,.001,18,1
c3764_g1_i1_d26_1479,.001,21,1
c3764_g1_i1_d26_1479,0.148512499,24,1485.124993
c3764_g1_i1_d26_1479,.001,26,1
c3764_g1_i1_d26_1479,.001,30,1
c5527_g1_i2_d24_1479,.001,6,1
c5527_g1_i2_d24_1479,.001,12,1
c5527_g1_i2_d24_1479,.001,14,1
c5527_g1_i2_d24_1479,.001,18,1
c5527_g1_i2_d24_1479,0.012745555,21,1529.466639
c5527_g1_i2_d24_1479,0.324435046,24,3244.350465
c5527_g1_i2_d24_1479,.001,26,1
c5527_g1_i2_d24_1479,.001,30,1
c4454_g1_i1_d21_1473,.001,6,1
c4454_g1_i1_d21_1473,.001,12,1
c4454_g1_i1_d21_1473,.001,14,1
c4454_g1_i1_d21_1473,0.204217746,18,12253.06476
c4454_g1_i1_d21_1473,0.242104107,21,29052.49288
c4454_g1_i1_d21_1473,.001,24,1
c4454_g1_i1_d21_1473,.001,26,1
c4454_g1_i1_d21_1473,.001,30,1
c5477_g4_i1_d24_1624,.001,6,1
c5477_g4_i1_d24_1624,.001,12,1
c5477_g4_i1_d24_1624,.001,14,1
c5477_g4_i1_d24_1624,0.0361944,18,2171.664005
c5477_g4_i1_d24_1624,0.188113092,21,22573.57104
c5477_g4_i1_d24_1624,6.197908988,24,61979.08988
c5477_g4_i1_d24_1624,.001,26,1
c5477_g4_i1_d24_1624,.001,30,1
c4124_g1_i1_d14_1272,.001,6,1
c4124_g1_i1_d14_1272,.001,12,1
c4124_g1_i1_d14_1272,.001,14,1
c4124_g1_i1_d14_1272,.001,18,1
c4124_g1_i1_d14_1272,.001,21,1
c4124_g1_i1_d14_1272,0.093040598,24,930.4059843
c4124_g1_i1_d14_1272,.001,26,1
c4124_g1_i1_d14_1272,.001,30,1
c3770_g2_i1_d26_1545,.001,6,1
c3770_g2_i1_d26_1545,.001,12,1
c3770_g2_i1_d26_1545,.001,14,1
c3770_g2_i1_d26_1545,.001,18,1
c3770_g2_i1_d26_1545,.001,21,1
c3770_g2_i1_d26_1545,0.358166869,24,3581.668686
c3770_g2_i1_d26_1545,0.88424145,26,884.24145
c3770_g2_i1_d26_1545,.001,30,1
c3678_g1_i1_d18_1348,.001,6,1
c3678_g1_i1_d18_1348,.001,12,1
c3678_g1_i1_d18_1348,.001,14,1
c3678_g1_i1_d18_1348,0.015370687,18,922.2412332
c3678_g1_i1_d18_1348,0.082841791,21,9941.0149
c3678_g1_i1_d18_1348,.001,24,1
c3678_g1_i1_d18_1348,.001,26,1
c3678_g1_i1_d18_1348,.001,30,1
c3724_g1_i1_d18_1441,.001,6,1
c3724_g1_i1_d18_1441,.001,12,1
c3724_g1_i1_d18_1441,.001,14,1
c3724_g1_i1_d18_1441,0.105938065,18,6356.283923
c3724_g1_i1_d18_1441,.001,21,1
c3724_g1_i1_d18_1441,.001,24,1
c3724_g1_i1_d18_1441,.001,26,1
c3724_g1_i1_d18_1441,.001,30,1
c3865_g1_i3_d18_1395,.001,6,1
c3865_g1_i3_d18_1395,.001,12,1
c3865_g1_i3_d18_1395,.001,14,1
c3865_g1_i3_d18_1395,0.320038115,18,19202.28692
c3865_g1_i3_d18_1395,2.542476383,21,305097.166
c3865_g1_i3_d18_1395,.001,24,1
c3865_g1_i3_d18_1395,.001,26,1
c3865_g1_i3_d18_1395,.001,30,1
c5527_g3_i1_d24_1446,.001,6,1
c5527_g3_i1_d24_1446,.001,12,1
c5527_g3_i1_d24_1446,.001,14,1
c5527_g3_i1_d24_1446,.001,18,1
c5527_g3_i1_d24_1446,0.110546937,21,13265.63242
c5527_g3_i1_d24_1446,1.095545839,24,10955.45839
c5527_g3_i1_d24_1446,.001,26,1
c5527_g3_i1_d24_1446,.001,30,1
c4462_g1_i1_d21_1427,.001,6,1
c4462_g1_i1_d21_1427,.001,12,1
c4462_g1_i1_d21_1427,.001,14,1
c4462_g1_i1_d21_1427,0.030203992,18,1812.239538
c4462_g1_i1_d21_1427,0.100997776,21,12119.73317
c4462_g1_i1_d21_1427,.001,24,1
c4462_g1_i1_d21_1427,.001,26,1
c4462_g1_i1_d21_1427,.001,30,1
c2232_g1_i1_d30_1474,.001,6,1
c2232_g1_i1_d30_1474,.001,12,1
c2232_g1_i1_d30_1474,.001,14,1
c2232_g1_i1_d30_1474,.001,18,1
c2232_g1_i1_d30_1474,.001,21,1
c2232_g1_i1_d30_1474,.001,24,1
c2232_g1_i1_d30_1474,.001,26,1
c2232_g1_i1_d30_1474,0.035663526,30,35.66352627
c4029_g1_i1_d30_1423,.001,6,1
c4029_g1_i1_d30_1423,.001,12,1
c4029_g1_i1_d30_1423,.001,14,1
c4029_g1_i1_d30_1423,1.027789314,18,61667.35883
c4029_g1_i1_d30_1423,.001,21,1
c4029_g1_i1_d30_1423,.001,24,1
c4029_g1_i1_d30_1423,.001,26,1
c4029_g1_i1_d30_1423,.001,30,1
c3071_g1_i2_d30_1452,.001,6,1
c3071_g1_i2_d30_1452,.001,12,1
c3071_g1_i2_d30_1452,.001,14,1
c3071_g1_i2_d30_1452,0.46970045,18,28182.02697
c3071_g1_i2_d30_1452,.001,21,1
c3071_g1_i2_d30_1452,.001,24,1
c3071_g1_i2_d30_1452,.001,26,1
c3071_g1_i2_d30_1452,.001,30,1
c4506_g1_i1_d14_1420,.001,6,1
c4506_g1_i1_d14_1420,.001,12,1
c4506_g1_i1_d14_1420,.001,14,1
c4506_g1_i1_d14_1420,0.279090305,18,16745.41832
c4506_g1_i1_d14_1420,.001,21,1
c4506_g1_i1_d14_1420,.001,24,1
c4506_g1_i1_d14_1420,.001,26,1
c4506_g1_i1_d14_1420,.001,30,1
c4435_g4_i1_d21_1472,.001,6,1
c4435_g4_i1_d21_1472,.001,12,1
c4435_g4_i1_d21_1472,.001,14,1
c4435_g4_i1_d21_1472,0.224171752,18,13450.30511
c4435_g4_i1_d21_1472,.001,21,1
c4435_g4_i1_d21_1472,.001,24,1
c4435_g4_i1_d21_1472,.001,26,1
c4435_g4_i1_d21_1472,.001,30,1
c3809_g1_i1_d18_1425,.001,6,1
c3809_g1_i1_d18_1425,.001,12,1
c3809_g1_i1_d18_1425,.001,14,1
c3809_g1_i1_d18_1425,0.203053855,18,12183.23132
c3809_g1_i1_d18_1425,5.760047925,21,691205.751
c3809_g1_i1_d18_1425,.001,24,1
c3809_g1_i1_d18_1425,.001,26,1
c3809_g1_i1_d18_1425,.001,30,1
c3726_g2_i1_d26_1406,.001,6,1
c3726_g2_i1_d26_1406,.001,12,1
c3726_g2_i1_d26_1406,.001,14,1
c3726_g2_i1_d26_1406,0.129043326,18,7742.59957
c3726_g2_i1_d26_1406,.001,21,1
c3726_g2_i1_d26_1406,.001,24,1
c3726_g2_i1_d26_1406,.001,26,1
c3726_g2_i1_d26_1406,0.0386845,30,38.68449976
c3836_g2_i1_d18_1600,.001,6,1
c3836_g2_i1_d18_1600,.001,12,1
c3836_g2_i1_d18_1600,.001,14,1
c3836_g2_i1_d18_1600,0.109187141,18,6551.228436
c3836_g2_i1_d18_1600,0.991914834,21,119029.7801
c3836_g2_i1_d18_1600,0.015876269,24,158.7626918
c3836_g2_i1_d18_1600,.001,26,1
c3836_g2_i1_d18_1600,.001,30,1
c3840_g1_i1_d18_1485,.001,6,1
c3840_g1_i1_d18_1485,.001,12,1
c3840_g1_i1_d18_1485,.001,14,1
c3840_g1_i1_d18_1485,0.10655999,18,6393.599428
c3840_g1_i1_d18_1485,1.60227435,21,192272.922
c3840_g1_i1_d18_1485,.001,24,1
c3840_g1_i1_d18_1485,0.020963179,26,20.96317861
c3840_g1_i1_d18_1485,.001,30,1
c3790_g3_i1_d26_1542,.001,6,1
c3790_g3_i1_d26_1542,.001,12,1
c3790_g3_i1_d26_1542,.001,14,1
c3790_g3_i1_d26_1542,0.100246149,18,6014.768913
c3790_g3_i1_d26_1542,0.086826332,21,10419.15987
c3790_g3_i1_d26_1542,0.535473313,24,5354.733131
c3790_g3_i1_d26_1542,0.951486718,26,951.4867185
c3790_g3_i1_d26_1542,.001,30,1
c4081_g1_i2_d21_1344,.001,6,1
c4081_g1_i2_d21_1344,.001,12,1
c4081_g1_i2_d21_1344,.001,14,1
c4081_g1_i2_d21_1344,0.08944832,18,5366.899222
c4081_g1_i2_d21_1344,0.921927834,21,110631.3401
c4081_g1_i2_d21_1344,.001,24,1
c4081_g1_i2_d21_1344,.001,26,1
c4081_g1_i2_d21_1344,.001,30,1
c2857_g1_i1_d18_1608,.001,6,1
c2857_g1_i1_d18_1608,.001,12,1
c2857_g1_i1_d18_1608,.001,14,1
c2857_g1_i1_d18_1608,0.082301569,18,4938.094159
c2857_g1_i1_d18_1608,.001,21,1
c2857_g1_i1_d18_1608,.001,24,1
c2857_g1_i1_d18_1608,.001,26,1
c2857_g1_i1_d18_1608,.001,30,1
c4435_g2_i2_d21_1692,.001,6,1
c4435_g2_i2_d21_1692,.001,12,1
c4435_g2_i2_d21_1692,.001,14,1
c4435_g2_i2_d21_1692,0.070222228,18,4213.333698
c4435_g2_i2_d21_1692,0.023343837,21,2801.260442
c4435_g2_i2_d21_1692,.001,24,1
c4435_g2_i2_d21_1692,.001,26,1
c4435_g2_i2_d21_1692,.001,30,1
c1439_g1_i1_d21_1328,.001,6,1
c1439_g1_i1_d21_1328,.001,12,1
c1439_g1_i1_d21_1328,.001,14,1
c1439_g1_i1_d21_1328,0.046590303,18,2795.418177
c1439_g1_i1_d21_1328,.001,21,1
c1439_g1_i1_d21_1328,.001,24,1
c1439_g1_i1_d21_1328,.001,26,1
c1439_g1_i1_d21_1328,0.015731771,30,15.7317706
c3608_g1_i1_d18_1354,.001,6,1
c3608_g1_i1_d18_1354,.001,12,1
c3608_g1_i1_d18_1354,.001,14,1
c3608_g1_i1_d18_1354,0.045908511,18,2754.510683
c3608_g1_i1_d18_1354,0.275434757,21,33052.17089
c3608_g1_i1_d18_1354,.001,24,1
c3608_g1_i1_d18_1354,.001,26,1
c3608_g1_i1_d18_1354,.001,30,1
c3788_g4_i1_d26_1461,.001,6,1
c3788_g4_i1_d26_1461,.001,12,1
c3788_g4_i1_d26_1461,.001,14,1
c3788_g4_i1_d26_1461,0.038760855,18,2325.6513
c3788_g4_i1_d26_1461,0.600245906,21,72029.50873
c3788_g4_i1_d26_1461,.001,24,1
c3788_g4_i1_d26_1461,.001,26,1
c3788_g4_i1_d26_1461,.001,30,1
c4500_g3_i2_d21_1017,.001,6,1
c4500_g3_i2_d21_1017,.001,12,1
c4500_g3_i2_d21_1017,.001,14,1
c4500_g3_i2_d21_1017,0.027609129,18,1656.54774
c4500_g3_i2_d21_1017,0.021488863,21,2578.663525
c4500_g3_i2_d21_1017,.001,24,1
c4500_g3_i2_d21_1017,.001,26,1
c4500_g3_i2_d21_1017,0.020603155,30,20.60315503
c4096_g1_i1_d21_1458,.001,6,1
c4096_g1_i1_d21_1458,.001,12,1
c4096_g1_i1_d21_1458,.001,14,1
c4096_g1_i1_d21_1458,0.02694688,18,1616.812825
c4096_g1_i1_d21_1458,0.01270255,21,1524.306016
c4096_g1_i1_d21_1458,.001,24,1
c4096_g1_i1_d21_1458,.001,26,1
c4096_g1_i1_d21_1458,.001,30,1
c3773_g1_i1_d26_1456,.001,6,1
c3773_g1_i1_d26_1456,.001,12,1
c3773_g1_i1_d26_1456,.001,14,1
c3773_g1_i1_d26_1456,0.024080643,18,1444.83855
c3773_g1_i1_d26_1456,0.383364883,21,46003.78597
c3773_g1_i1_d26_1456,.001,24,1
c3773_g1_i1_d26_1456,.001,26,1
c3773_g1_i1_d26_1456,.001,30,1
c4501_g1_i1_d14_1470,.001,6,1
c4501_g1_i1_d14_1470,.001,12,1
c4501_g1_i1_d14_1470,.001,14,1
c4501_g1_i1_d14_1470,0.021702552,18,1302.153114
c4501_g1_i1_d14_1470,0.59270481,21,71124.57715
c4501_g1_i1_d14_1470,.001,24,1
c4501_g1_i1_d14_1470,0.016087735,26,16.08773463
c4501_g1_i1_d14_1470,0.010963179,30,10.96317873
c3856_g3_i1_d18_1260,.001,6,1
c3856_g3_i1_d18_1260,.001,12,1
c3856_g3_i1_d18_1260,.001,14,1
c3856_g3_i1_d18_1260,0.016741724,18,1004.503453
c3856_g3_i1_d18_1260,6.290489916,21,754858.7899
c3856_g3_i1_d18_1260,.001,24,1
c3856_g3_i1_d18_1260,.001,26,1
c3856_g3_i1_d18_1260,.001,30,1
c1610_g1_i1_d18_1332,.001,6,1
c1610_g1_i1_d18_1332,.001,12,1
c1610_g1_i1_d18_1332,.001,14,1
c1610_g1_i1_d18_1332,0.016454644,18,987.2786523
c1610_g1_i1_d18_1332,.001,21,1
c1610_g1_i1_d18_1332,.001,24,1
c1610_g1_i1_d18_1332,.001,26,1
c1610_g1_i1_d18_1332,.001,30,1
c3778_g4_i1_d18_1377,.001,6,1
c3778_g4_i1_d18_1377,.001,12,1
c3778_g4_i1_d18_1377,.001,14,1
c3778_g4_i1_d18_1377,0.015401732,18,924.1039173
c3778_g4_i1_d18_1377,0.202839524,21,24340.74291
c3778_g4_i1_d18_1377,0.799325902,24,7993.259024
c3778_g4_i1_d18_1377,1.336079626,26,1336.079626
c3778_g4_i1_d18_1377,0.082416026,30,82.41602589
c3726_g1_i1_d26_1047,.001,6,1
c3726_g1_i1_d26_1047,.001,12,1
c3726_g1_i1_d26_1047,.001,14,1
c3726_g1_i1_d26_1047,0.011674013,18,700.4407978
c3726_g1_i1_d26_1047,0.112885974,21,13546.31693
c3726_g1_i1_d26_1047,.001,24,1
c3726_g1_i1_d26_1047,.001,26,1
c3726_g1_i1_d26_1047,.001,30,1
c4386_g1_i1_d21_1473,.001,6,1
c4386_g1_i1_d21_1473,.001,12,1
c4386_g1_i1_d21_1473,.001,14,1
c4386_g1_i1_d21_1473,.001,18,1
c4386_g1_i1_d21_1473,0.980097971,21,117611.7565
c4386_g1_i1_d21_1473,66.83151658,24,668315.1658
c4386_g1_i1_d21_1473,0.062469209,26,62.46920947
c4386_g1_i1_d21_1473,.001,30,1
c3607_g1_i1_d18_1435,.001,6,1
c3607_g1_i1_d18_1435,.001,12,1
c3607_g1_i1_d18_1435,.001,14,1
c3607_g1_i1_d18_1435,.001,18,1
c3607_g1_i1_d18_1435,0.019797333,21,2375.680002
c3607_g1_i1_d18_1435,.001,24,1
c3607_g1_i1_d18_1435,.001,26,1
c3607_g1_i1_d18_1435,.001,30,1
c4386_g4_i1_d21_1602,.001,6,1
c4386_g4_i1_d21_1602,.001,12,1
c4386_g4_i1_d21_1602,.001,14,1
c4386_g4_i1_d21_1602,.001,18,1
c4386_g4_i1_d21_1602,0.048921359,21,5870.563059
c4386_g4_i1_d21_1602,0.466330696,24,4663.306959
c4386_g4_i1_d21_1602,89.41890925,26,89418.90925
c4386_g4_i1_d21_1602,.001,30,1
c3056_g1_i1_d18_1383,.001,6,1
c3056_g1_i1_d18_1383,.001,12,1
c3056_g1_i1_d18_1383,.001,14,1
c3056_g1_i1_d18_1383,.001,18,1
c3056_g1_i1_d18_1383,0.030827342,21,3699.281046
c3056_g1_i1_d18_1383,0.020267231,24,202.6723113
c3056_g1_i1_d18_1383,.001,26,1
c3056_g1_i1_d18_1383,.001,30,1
c5515_g4_i2_d24_1154,.001,6,1
c5515_g4_i2_d24_1154,.001,12,1
c5515_g4_i2_d24_1154,.001,14,1
c5515_g4_i2_d24_1154,.001,18,1
c5515_g4_i2_d24_1154,0.01707696,21,2049.235161
c5515_g4_i2_d24_1154,.001,24,1
c5515_g4_i2_d24_1154,.001,26,1
c5515_g4_i2_d24_1154,.001,30,1
c3765_g1_i1_d26_1695,.001,6,1
c3765_g1_i1_d26_1695,.001,12,1
c3765_g1_i1_d26_1695,.001,14,1
c3765_g1_i1_d26_1695,.001,18,1
c3765_g1_i1_d26_1695,0.03012468,21,3614.961636
c3765_g1_i1_d26_1695,.001,24,1
c3765_g1_i1_d26_1695,.001,26,1
c3765_g1_i1_d26_1695,.001,30,1
c5544_g1_i1_d21_1332,.001,6,1
c5544_g1_i1_d21_1332,.001,12,1
c5544_g1_i1_d21_1332,.001,14,1
c5544_g1_i1_d21_1332,.001,18,1
c5544_g1_i1_d21_1332,0.094544241,21,11345.30894
c5544_g1_i1_d21_1332,10.1573796,24,101573.796
c5544_g1_i1_d21_1332,.001,26,1
c5544_g1_i1_d21_1332,0.023620513,30,23.62051332
c4435_g8_i1_d21_1521,.001,6,1
c4435_g8_i1_d21_1521,.001,12,1
c4435_g8_i1_d21_1521,.001,14,1
c4435_g8_i1_d21_1521,.001,18,1
c4435_g8_i1_d21_1521,0.206168068,21,24740.16821
c4435_g8_i1_d21_1521,3.462159404,24,34621.59404
c4435_g8_i1_d21_1521,.001,26,1
c4435_g8_i1_d21_1521,.001,30,1
c3239_g2_i1_d30_1443,.001,6,1
c3239_g2_i1_d30_1443,.001,12,1
c3239_g2_i1_d30_1443,.001,14,1
c3239_g2_i1_d30_1443,.001,18,1
c3239_g2_i1_d30_1443,.001,21,1
c3239_g2_i1_d30_1443,0.030784512,24,307.8451209
c3239_g2_i1_d30_1443,0.043041022,26,43.04102189
c3239_g2_i1_d30_1443,.001,30,1
c3687_g1_i2_d21_1455,.001,6,1
c3687_g1_i2_d21_1455,.001,12,1
c3687_g1_i2_d21_1455,.001,14,1
c3687_g1_i2_d21_1455,.001,18,1
c3687_g1_i2_d21_1455,0.015906829,21,1908.819468
c3687_g1_i2_d21_1455,0.011737181,24,117.3718123
c3687_g1_i2_d21_1455,0.723297234,26,723.297234
c3687_g1_i2_d21_1455,.001,30,1
c3584_g3_i1_d26_1470,.001,6,1
c3584_g3_i1_d26_1470,.001,12,1
c3584_g3_i1_d26_1470,.001,14,1
c3584_g3_i1_d26_1470,.001,18,1
c3584_g3_i1_d26_1470,.001,21,1
c3584_g3_i1_d26_1470,.001,24,1
c3584_g3_i1_d26_1470,.001,26,1
c3584_g3_i1_d26_1470,0.020123361,30,20.1233612
c4246_g3_i1_d21_1590,.001,6,1
c4246_g3_i1_d21_1590,.001,12,1
c4246_g3_i1_d21_1590,.001,14,1
c4246_g3_i1_d21_1590,.001,18,1
c4246_g3_i1_d21_1590,.001,21,1
c4246_g3_i1_d21_1590,0.337684615,24,3376.846149
c4246_g3_i1_d21_1590,1.046812813,26,1046.812813
c4246_g3_i1_d21_1590,.001,30,1
c5310_g1_i1_d24_1462,.001,6,1
c5310_g1_i1_d24_1462,.001,12,1
c5310_g1_i1_d24_1462,.001,14,1
c5310_g1_i1_d24_1462,.001,18,1
c5310_g1_i1_d24_1462,.001,21,1
c5310_g1_i1_d24_1462,0.025618081,24,256.1808119
c5310_g1_i1_d24_1462,0.010815041,26,10.81504098
c5310_g1_i1_d24_1462,.001,30,1
c4435_g6_i1_d21_1432,.001,6,1
c4435_g6_i1_d21_1432,.001,12,1
c4435_g6_i1_d21_1432,.001,14,1
c4435_g6_i1_d21_1432,.001,18,1
c4435_g6_i1_d21_1432,.001,21,1
c4435_g6_i1_d21_1432,.001,24,1
c4435_g6_i1_d21_1432,.001,26,1
c4435_g6_i1_d21_1432,0.016193855,30,16.1938546
c3107_g1_i1_d24_1470,.001,6,1
c3107_g1_i1_d24_1470,.001,12,1
c3107_g1_i1_d24_1470,.001,14,1
c3107_g1_i1_d24_1470,.001,18,1
c3107_g1_i1_d24_1470,.001,21,1
c3107_g1_i1_d24_1470,.001,24,1
c3107_g1_i1_d24_1470,0.061540369,26,61.54036926
c3107_g1_i1_d24_1470,.001,30,1
c3943_g1_i1_d30_1485,.001,6,1
c3943_g1_i1_d30_1485,.001,12,1
c3943_g1_i1_d30_1485,.001,14,1
c3943_g1_i1_d30_1485,.001,18,1
c3943_g1_i1_d30_1485,.001,21,1
c3943_g1_i1_d30_1485,.001,24,1
c3943_g1_i1_d30_1485,.001,26,1
c3943_g1_i1_d30_1485,10.55465997,30,10554.65997
c2383_g1_i1_d21_1317,.001,6,1
c2383_g1_i1_d21_1317,.001,12,1
c2383_g1_i1_d21_1317,.001,14,1
c2383_g1_i1_d21_1317,.001,18,1
c2383_g1_i1_d21_1317,0.015793861,21,1895.263341
c2383_g1_i1_d21_1317,.001,24,1
c2383_g1_i1_d21_1317,.001,26,1
c2383_g1_i1_d21_1317,0.171050732,30,171.0507323
c3761_g7_i1_d26_1485,.001,6,1
c3761_g7_i1_d26_1485,.001,12,1
c3761_g7_i1_d26_1485,.001,14,1
c3761_g7_i1_d26_1485,.001,18,1
c3761_g7_i1_d26_1485,.001,21,1
c3761_g7_i1_d26_1485,0.086552561,24,865.525613
c3761_g7_i1_d26_1485,.001,26,1
c3761_g7_i1_d26_1485,.001,30,1
c3810_g2_i1_d30_1512,.001,6,1
c3810_g2_i1_d30_1512,.001,12,1
c3810_g2_i1_d30_1512,.001,14,1
c3810_g2_i1_d30_1512,.001,18,1
c3810_g2_i1_d30_1512,.001,21,1
c3810_g2_i1_d30_1512,.001,24,1
c3810_g2_i1_d30_1512,.001,26,1
c3810_g2_i1_d30_1512,31.5688274,30,31568.8274
c3717_g1_i1_d26_1494,.001,6,1
c3717_g1_i1_d26_1494,.001,12,1
c3717_g1_i1_d26_1494,.001,14,1
c3717_g1_i1_d26_1494,.001,18,1
c3717_g1_i1_d26_1494,0.148469792,21,17816.3751
c3717_g1_i1_d26_1494,.001,24,1
c3717_g1_i1_d26_1494,.001,26,1
c3717_g1_i1_d26_1494,.001,30,1
c5527_g2_i1_d24_1440,.001,6,1
c5527_g2_i1_d24_1440,.001,12,1
c5527_g2_i1_d24_1440,.001,14,1
c5527_g2_i1_d24_1440,.001,18,1
c5527_g2_i1_d24_1440,0.116603227,21,13992.3873
c5527_g2_i1_d24_1440,4.245770399,24,42457.70399
c5527_g2_i1_d24_1440,.001,26,1
c5527_g2_i1_d24_1440,.001,30,1
c4435_g3_i1_d21_1533,.001,6,1
c4435_g3_i1_d21_1533,.001,12,1
c4435_g3_i1_d21_1533,.001,14,1
c4435_g3_i1_d21_1533,.001,18,1
c4435_g3_i1_d21_1533,0.017339689,21,2080.7627
c4435_g3_i1_d21_1533,.001,24,1
c4435_g3_i1_d21_1533,.001,26,1
c4435_g3_i1_d21_1533,.001,30,1
c1941_g1_i1_d18_1473,.001,6,1
c1941_g1_i1_d18_1473,.001,12,1
c1941_g1_i1_d18_1473,.001,14,1
c1941_g1_i1_d18_1473,.001,18,1
c1941_g1_i1_d18_1473,0.017003555,21,2040.426623
c1941_g1_i1_d18_1473,.001,24,1
c1941_g1_i1_d18_1473,.001,26,1
c1941_g1_i1_d18_1473,.001,30,1
c3433_g1_i1_d30_1403,.001,6,1
c3433_g1_i1_d30_1403,.001,12,1
c3433_g1_i1_d30_1403,.001,14,1
c3433_g1_i1_d30_1403,.001,18,1
c3433_g1_i1_d30_1403,.001,21,1
c3433_g1_i1_d30_1403,.001,24,1
c3433_g1_i1_d30_1403,.001,26,1
c3433_g1_i1_d30_1403,0.478105077,30,478.1050765
c4018_g2_i1_d30_1458,.001,6,1
c4018_g2_i1_d30_1458,.001,12,1
c4018_g2_i1_d30_1458,.001,14,1
c4018_g2_i1_d30_1458,.001,18,1
c4018_g2_i1_d30_1458,.001,21,1
c4018_g2_i1_d30_1458,.001,24,1
c4018_g2_i1_d30_1458,.001,26,1
c4018_g2_i1_d30_1458,3.005595315,30,3005.595315
c3484_g1_i1_d30_1461,.001,6,1
c3484_g1_i1_d30_1461,.001,12,1
c3484_g1_i1_d30_1461,.001,14,1
c3484_g1_i1_d30_1461,.001,18,1
c3484_g1_i1_d30_1461,.001,21,1
c3484_g1_i1_d30_1461,.001,24,1
c3484_g1_i1_d30_1461,.001,24,1
c3484_g1_i1_d30_1461,.001,26,1
c3484_g1_i1_d30_1461,0.016285174,30,16.28517409
c703_g1_i1_d18_1536,.001,6,1
c703_g1_i1_d18_1536,.001,12,1
c703_g1_i1_d18_1536,.001,14,1
c703_g1_i1_d18_1536,.001,18,1
c703_g1_i1_d18_1536,.001,21,1
c703_g1_i1_d18_1536,.001,24,1
c703_g1_i1_d18_1536,.001,26,1
c703_g1_i1_d18_1536,0.019482027,30,19.48202688
c3946_g1_i1_d30_1450,.001,6,1
c3946_g1_i1_d30_1450,.001,12,1
c3946_g1_i1_d30_1450,.001,14,1
c3946_g1_i1_d30_1450,.001,18,1
c3946_g1_i1_d30_1450,.001,21,1
c3946_g1_i1_d30_1450,.001,24,1
c3946_g1_i1_d30_1450,0.10760017,26,107.6001698
c3946_g1_i1_d30_1450,14.92720197,30,14927.20197
c3997_g1_i1_d30_1317,.001,6,1
c3997_g1_i1_d30_1317,.001,12,1
c3997_g1_i1_d30_1317,.001,14,1
c3997_g1_i1_d30_1317,.001,18,1
c3997_g1_i1_d30_1317,.001,21,1
c3997_g1_i1_d30_1317,.001,24,1
c3997_g1_i1_d30_1317,.001,26,1
c3997_g1_i1_d30_1317,0.11964003,30,119.6400298
c4005_g1_i1_d30_1471,.001,6,1
c4005_g1_i1_d30_1471,.001,12,1
c4005_g1_i1_d30_1471,.001,14,1
c4005_g1_i1_d30_1471,.001,18,1
c4005_g1_i1_d30_1471,.001,21,1
c4005_g1_i1_d30_1471,.001,24,1
c4005_g1_i1_d30_1471,.001,26,1
c4005_g1_i1_d30_1471,0.031916126,30,31.91612579
c5013_g1_i1_d12_1504,.001,6,1
c5013_g1_i1_d12_1504,.001,12,1
c5013_g1_i1_d12_1504,.001,14,1
c5013_g1_i1_d12_1504,.001,18,1
c5013_g1_i1_d12_1504,.001,21,1
c5013_g1_i1_d12_1504,0.046613303,24,466.1330261
c5013_g1_i1_d12_1504,.001,26,1
c5013_g1_i1_d12_1504,.001,30,1
c3798_g2_i4_d26_1465,.001,6,1
c3798_g2_i4_d26_1465,.001,12,1
c3798_g2_i4_d26_1465,.001,14,1
c3798_g2_i4_d26_1465,.001,18,1
c3798_g2_i4_d26_1465,.001,21,1
c3798_g2_i4_d26_1465,0.033334258,24,333.3425781
c3798_g2_i4_d26_1465,0.013202907,26,13.20290653
c3798_g2_i4_d26_1465,.001,30,1
c4054_g1_i1_d24_1482,.001,6,1
c4054_g1_i1_d24_1482,.001,12,1
c4054_g1_i1_d24_1482,.001,14,1
c4054_g1_i1_d24_1482,.001,18,1
c4054_g1_i1_d24_1482,.001,21,1
c4054_g1_i1_d24_1482,.001,24,1
c4054_g1_i1_d24_1482,.001,26,1
c4054_g1_i1_d24_1482,0.020605143,30,20.60514257
c2085_g1_i1_d30_1500,.001,6,1
c2085_g1_i1_d30_1500,.001,12,1
c2085_g1_i1_d30_1500,.001,14,1
c2085_g1_i1_d30_1500,.001,18,1
c2085_g1_i1_d30_1500,.001,21,1
c2085_g1_i1_d30_1500,.001,24,1
c2085_g1_i1_d30_1500,0.056543763,26,56.54376333
c2085_g1_i1_d30_1500,34.72107404,30,34721.07404
c2820_g1_i2_d30_1421,.001,6,1
c2820_g1_i2_d30_1421,.001,12,1
c2820_g1_i2_d30_1421,.001,14,1
c2820_g1_i2_d30_1421,.001,18,1
c2820_g1_i2_d30_1421,.001,21,1
c2820_g1_i2_d30_1421,.001,24,1
c2820_g1_i2_d30_1421,0.542796859,26,542.7968589
c2820_g1_i2_d30_1421,0.049116292,30,49.11629166
c2851_g1_i2_d26_1412,.001,6,1
c2851_g1_i2_d26_1412,.001,12,1
c2851_g1_i2_d26_1412,.001,14,1
c2851_g1_i2_d26_1412,.001,18,1
c2851_g1_i2_d26_1412,.001,21,1
c2851_g1_i2_d26_1412,.001,24,1
c2851_g1_i2_d26_1412,0.025687871,26,25.68787055
c2851_g1_i2_d26_1412,0.195722445,30,195.722445
c4014_g2_i1_d30_1416,.001,6,1
c4014_g2_i1_d30_1416,.001,12,1
c4014_g2_i1_d30_1416,.001,14,1
c4014_g2_i1_d30_1416,.001,18,1
c4014_g2_i1_d30_1416,.001,21,1
c4014_g2_i1_d30_1416,.001,24,1
c4014_g2_i1_d30_1416,.001,26,1
c4014_g2_i1_d30_1416,3.034321944,30,3034.321944
c3967_g6_i1_d30_1289,.001,6,1
c3967_g6_i1_d30_1289,.001,12,1
c3967_g6_i1_d30_1289,.001,14,1
c3967_g6_i1_d30_1289,.001,18,1
c3967_g6_i1_d30_1289,.001,21,1
c3967_g6_i1_d30_1289,.001,24,1
c3967_g6_i1_d30_1289,.001,26,1
c3967_g6_i1_d30_1289,0.197746505,30,197.7465053
c3969_g1_i2_d30_1462,.001,6,1
c3969_g1_i2_d30_1462,.001,12,1
c3969_g1_i2_d30_1462,.001,14,1
c3969_g1_i2_d30_1462,.001,18,1
c3969_g1_i2_d30_1462,.001,21,1
c3969_g1_i2_d30_1462,.001,24,1
c3969_g1_i2_d30_1462,.001,26,1
c3969_g1_i2_d30_1462,0.105019571,30,105.0195712
c3358_g1_i2_d30_1539,.001,6,1
c3358_g1_i2_d30_1539,.001,12,1
c3358_g1_i2_d30_1539,.001,14,1
c3358_g1_i2_d30_1539,.001,18,1
c3358_g1_i2_d30_1539,.001,21,1
c3358_g1_i2_d30_1539,.001,24,1
c3358_g1_i2_d30_1539,.001,26,1
c3358_g1_i2_d30_1539,0.028419748,30,28.4197479
c4044_g1_i1_d30_1207,.001,6,1
c4044_g1_i1_d30_1207,.001,12,1
c4044_g1_i1_d30_1207,.001,14,1
c4044_g1_i1_d30_1207,.001,18,1
c4044_g1_i1_d30_1207,.001,21,1
c4044_g1_i1_d30_1207,.001,24,1
c4044_g1_i1_d30_1207,.001,26,1
c4044_g1_i1_d30_1207,0.021436411,30,21.43641095
c4005_g2_i1_d30_1091,.001,6,1
c4005_g2_i1_d30_1091,.001,12,1
c4005_g2_i1_d30_1091,.001,14,1
c4005_g2_i1_d30_1091,.001,18,1
c4005_g2_i1_d30_1091,.001,21,1
c4005_g2_i1_d30_1091,.001,24,1
c4005_g2_i1_d30_1091,.001,26,1
c4005_g2_i1_d30_1091,0.019037603,30,19.03760285
c3761_g8_i1_d26_1470,.001,6,1
c3761_g8_i1_d26_1470,.001,12,1
c3761_g8_i1_d26_1470,.001,14,1
c3761_g8_i1_d26_1470,.001,18,1
c3761_g8_i1_d26_1470,.001,21,1
c3761_g8_i1_d26_1470,.001,24,1
c3761_g8_i1_d26_1470,.001,26,1
c3761_g8_i1_d26_1470,0.018285228,30,18.28522838
c2964_g1_i1_d30_1494,.001,6,1
c2964_g1_i1_d30_1494,.001,12,1
c2964_g1_i1_d30_1494,.001,14,1
c2964_g1_i1_d30_1494,.001,18,1
c2964_g1_i1_d30_1494,.001,21,1
c2964_g1_i1_d30_1494,.001,24,1
c2964_g1_i1_d30_1494,.001,26,1
c2964_g1_i1_d30_1494,0.01724052,30,17.24052013
