position,H_bits,H_max,n_aa_types,dominant_aa,dominant_freq
0,0.05882572301931402,4.321928094887363,3,M,0.9939516129032258
1,1.1590580988563637,4.321928094887363,9,R,0.741869918699187
2,0.5253369425688983,4.321928094887363,5,V,0.917004048582996
3,2.0666008514225953,4.321928094887363,8,M,0.3564154786150713
4,1.1248865764175255,4.321928094887363,11,G,0.7750511247443763
5,1.6599019997276505,4.321928094887363,10,I,0.5840163934426229
6,2.2969734880732933,4.321928094887363,14,Q,0.42505133470225875
7,1.9687409915559184,4.321928094887363,12,R,0.39630390143737165
8,0.9720756905700928,4.321928094887363,11,N,0.8381742738589212
9,1.919217066837188,4.321928094887363,10,W,0.4080604534005038
10,2.2903721952048155,4.321928094887363,15,Q,0.4402035623409669
11,2.6675789084877124,4.321928094887363,16,H,0.3865546218487395
12,1.86583082286652,4.321928094887363,16,L,0.6340956340956341
13,0.8558109960183371,4.321928094887363,11,W,0.8501026694045175
14,2.308377298369918,4.321928094887363,15,R,0.4610526315789474
15,0.9532594930049899,4.321928094887363,12,W,0.8524590163934426
16,1.1970358629145852,4.321928094887363,11,G,0.8118609406952966
17,2.0994277854598065,4.321928094887363,13,T,0.4394250513347023
18,1.6861646688186889,4.321928094887363,13,L,0.6020618556701031
19,2.191270523424039,4.321928094887363,10,L,0.36983471074380164
20,1.5523739135858925,4.321928094887363,14,L,0.6954732510288066
21,1.160741547980448,4.321928094887363,11,G,0.7896907216494845
22,1.9218182156581163,4.321928094887363,13,M,0.45867768595041325
23,2.0074951903756895,4.321928094887363,11,L,0.565843621399177
24,1.8557040741681154,4.321928094887363,14,M,0.5278350515463918
25,1.5642863353991068,4.321928094887363,12,I,0.7057613168724279
26,1.245324524666387,4.321928094887363,15,C,0.8179959100204499
27,2.018269359815238,4.321928094887363,16,S,0.5835051546391753
28,1.7987590765679262,4.321928094887363,15,A,0.7034764826175869
29,2.8595420665090256,4.321928094887363,18,A,0.38865546218487396
30,2.8787903831236443,4.321928094887363,18,G,0.27708333333333335
31,2.371567512805027,4.321928094887363,19,N,0.5850622406639004
32,1.6372113285630785,4.321928094887363,17,L,0.7357723577235772
33,1.321928464141182,4.321928094887363,16,W,0.7748478701825557
34,1.244211837470895,4.321928094887363,11,V,0.7878787878787878
35,1.1703215170398187,4.321928094887363,10,T,0.7717171717171717
36,1.3182887845410176,4.321928094887363,12,V,0.7753036437246964
37,0.8671677427536092,4.321928094887363,8,Y,0.8626262626262626
38,1.0552016850945103,4.321928094887363,10,Y,0.8161616161616162
39,1.1867250489810064,4.321928094887363,9,G,0.7717171717171717
40,1.166120473076036,4.321928094887363,12,V,0.797979797979798
41,1.246062494169554,4.321928094887363,12,P,0.7717171717171717
42,1.3355309756473115,4.321928094887363,13,V,0.7768762677484787
43,1.4314357465731553,4.321928094887363,13,W,0.7755102040816326
44,2.507751243613377,4.321928094887363,15,K,0.43737166324435317
45,2.1191095592941975,4.321928094887363,13,D,0.38650306748466257
46,1.3875825652746174,4.321928094887363,14,A,0.7745901639344263
47,2.680083524149244,4.321928094887363,15,T,0.40286298568507156
48,1.0251867480165013,4.321928094887363,11,T,0.8472505091649695
49,1.3062646336766466,4.321928094887363,14,T,0.7890466531440162
50,1.3203272914327164,4.321928094887363,14,L,0.7728194726166329
51,1.3382650469019521,4.321928094887363,12,F,0.771255060728745
52,1.2976406821558297,4.321928094887363,10,C,0.771255060728745
53,1.183197187474396,4.321928094887363,10,A,0.7955465587044535
54,1.3068069679784862,4.321928094887363,11,S,0.768762677484787
55,1.2846537184347107,4.321928094887363,10,D,0.7540650406504065
56,1.2250979878849313,4.321928094887363,12,A,0.7890466531440162
57,1.4620434571189949,4.321928094887363,17,K,0.7510204081632653
58,2.0576808922136425,4.321928094887363,17,A,0.6244897959183674
59,1.987766766891993,4.321928094887363,15,Y,0.6290983606557377
60,2.811078745563,4.321928094887363,15,D,0.28716904276985744
61,2.1299697306355023,4.321928094887363,13,T,0.6193415637860082
62,1.462535354583808,4.321928094887363,16,E,0.7857142857142857
63,2.1406703860037464,4.321928094887363,15,V,0.5897959183673469
64,1.3632696487566682,4.321928094887363,14,H,0.7728194726166329
65,1.332585584992354,4.321928094887363,12,N,0.771255060728745
66,1.625836396326163,4.321928094887363,11,V,0.708502024291498
67,1.3142020593318198,4.321928094887363,10,W,0.7732793522267206
68,1.2671801204047146,4.321928094887363,13,A,0.7870182555780934
69,1.360113713938725,4.321928094887363,10,T,0.771255060728745
70,1.3304156960315898,4.321928094887363,12,H,0.7626774847870182
71,1.3396518135276667,4.321928094887363,13,A,0.7732793522267206
72,1.291484880596463,4.321928094887363,10,C,0.7732793522267206
73,1.3408334552532644,4.321928094887363,13,V,0.7732793522267206
74,1.1548464404741663,4.321928094887363,9,P,0.795131845841785
75,1.249709701064109,4.321928094887363,11,T,0.7773279352226721
76,1.4187993277381716,4.321928094887363,9,D,0.708502024291498
77,1.239475658569793,4.321928094887363,11,P,0.7971602434077079
78,1.6659809343232679,4.321928094887363,12,N,0.6782786885245902
79,1.233522901122418,4.321928094887363,12,P,0.7955465587044535
80,1.5628374253417947,4.321928094887363,17,Q,0.7387755102040816
81,1.4838223022829864,4.321928094887363,17,E,0.7693877551020408
82,2.660495804252063,4.321928094887363,16,I,0.4094650205761317
83,3.4109501291019844,4.321928094887363,19,V,0.24472573839662448
84,1.6642354911221364,4.321928094887363,15,L,0.7192622950819673
85,2.8930584266288313,4.321928094887363,17,E,0.36721991701244816
86,1.6179526898494292,4.321928094887363,16,N,0.7142857142857143
87,1.4771475182398652,4.321928094887363,12,V,0.7096114519427403
88,1.5406598611667064,4.321928094887363,13,T,0.7040816326530612
89,1.5382770105791026,4.321928094887363,15,E,0.7224489795918367
90,2.1194655622077443,4.321928094887363,18,N,0.6123711340206186
91,1.4095982107664997,4.321928094887363,12,F,0.7081632653061225
92,1.5771931175805254,4.321928094887363,11,N,0.7008196721311475
93,1.596710440541075,4.321928094887363,13,M,0.6877551020408164
94,1.5760604046949866,4.321928094887363,11,W,0.6973415132924335
95,1.8675799226227827,4.321928094887363,13,K,0.6206185567010309
96,1.3935897264531396,4.321928094887363,13,N,0.7709611451942741
97,2.6724643416295812,4.321928094887363,16,N,0.375
98,1.6614826418196575,4.321928094887363,14,M,0.6979591836734694
99,1.9993012443377616,4.321928094887363,14,V,0.5930470347648262
100,2.5695483726805324,4.321928094887363,11,E,0.3551020408163265
101,1.6045443991221626,4.321928094887363,11,Q,0.6979591836734694
102,1.5818480733774265,4.321928094887363,11,M,0.6918367346938775
103,2.1866454876033523,4.321928094887363,11,H,0.5082304526748971
104,2.21927306771496,4.321928094887363,14,E,0.5699588477366255
105,1.6108173197161912,4.321928094887363,11,D,0.6959183673469388
106,1.927270238380846,4.321928094887363,13,I,0.4403292181069959
107,1.4705476640729311,4.321928094887363,13,I,0.7386831275720165
108,1.610255241324268,4.321928094887363,13,S,0.6817248459958932
109,1.5824754128405707,4.321928094887363,11,L,0.6907216494845361
110,1.538568421945535,4.321928094887363,9,W,0.6981519507186859
111,1.6552152470990034,4.321928094887363,11,D,0.6844262295081968
112,2.063423753361366,4.321928094887363,11,Q,0.5576131687242798
113,1.9266603878692137,4.321928094887363,16,S,0.6570841889117043
114,1.5408238552780158,4.321928094887363,10,L,0.6981519507186859
115,1.7356024840438458,4.321928094887363,9,K,0.648870636550308
116,1.520439083361219,4.321928094887363,11,P,0.6967213114754098
117,1.5171774128798907,4.321928094887363,10,C,0.6967213114754098
118,1.5811677014442216,4.321928094887363,10,V,0.6954732510288066
119,1.8577194020762526,4.321928094887363,11,K,0.6452282157676349
120,1.4428052489380399,4.321928094887363,10,L,0.7175257731958763
121,1.4770985849148477,4.321928094887363,9,T,0.6983471074380165
122,1.4328257827491993,4.321928094887363,11,P,0.7030927835051546
123,1.4868422836775013,4.321928094887363,9,L,0.6997929606625258
124,1.451955420024808,4.321928094887363,10,C,0.6985446985446986
125,1.5347889171759839,4.321928094887363,12,V,0.69375
126,1.4926577101866936,4.321928094887363,11,T,0.6989473684210527
127,1.9366426030201467,4.321928094887363,13,L,0.6086956521739131
128,2.5615108821422043,4.321928094887363,16,N,0.46273291925465837
129,1.9904591690042746,4.321928094887363,15,C,0.6234177215189873
130,2.7961119792536886,4.321928094887363,15,T,0.4
131,2.7903071773369663,4.321928094887363,14,N,0.2976190476190476
132,3.4467351602481755,4.321928094887363,17,N,0.17083333333333334
133,3.1118674504753203,4.321928094887363,14,N,0.32158590308370044
134,3.4278363074948395,4.321928094887363,18,N,0.24074074074074073
135,3.3211798204984224,4.321928094887363,16,T,0.2347417840375587
136,3.0653639076144747,4.321928094887363,18,T,0.3173076923076923
137,2.972132937785649,4.321928094887363,19,N,0.3904761904761905
138,2.7643653881245567,4.321928094887363,15,N,0.3269230769230769
139,2.8639035905030856,4.321928094887363,15,S,0.2766990291262136
140,3.1040530351237248,4.321928094887363,18,N,0.3
141,2.8665168916456696,4.321928094887363,16,S,0.32367149758454106
142,3.1088665404781097,4.321928094887363,18,N,0.3051643192488263
143,3.1890442334136795,4.321928094887363,20,N,0.33640552995391704
144,3.269399889152964,4.321928094887363,18,S,0.23529411764705882
145,3.271283358566347,4.321928094887363,18,T,0.23348017621145375
146,3.6964959730918587,4.321928094887363,20,N,0.19130434782608696
147,3.377431601318288,4.321928094887363,18,N,0.26382978723404255
148,3.7748224749237096,4.321928094887363,20,S,0.1598360655737705
149,3.416046345854045,4.321928094887363,18,N,0.26877470355731226
150,3.1657239612303147,4.321928094887363,18,E,0.35844155844155845
151,3.2882023082505785,4.321928094887363,19,M,0.32225063938618925
152,3.2313390085952407,4.321928094887363,17,K,0.3533834586466165
153,3.0992160730413905,4.321928094887363,19,N,0.4143920595533499
154,3.004395070453662,4.321928094887363,17,C,0.37163814180929094
155,3.001306842270891,4.321928094887363,17,S,0.42718446601941745
156,3.1851013401674093,4.321928094887363,18,F,0.363855421686747
157,3.099952751726932,4.321928094887363,18,N,0.4099526066350711
158,3.4942989319437117,4.321928094887363,18,T,0.27058823529411763
159,3.106398657520085,4.321928094887363,19,T,0.4078341013824885
160,3.241156663013357,4.321928094887363,17,T,0.3698630136986301
161,3.622613042296716,4.321928094887363,18,V,0.19114219114219114
162,3.616337011942929,4.321928094887363,18,V,0.17579908675799086
163,3.3712463370748167,4.321928094887363,18,R,0.2814645308924485
164,3.346457291797184,4.321928094887363,19,D,0.34553775743707094
165,3.076523092149966,4.321928094887363,18,K,0.39080459770114945
166,3.4147413831002638,4.321928094887363,18,K,0.3577981651376147
167,3.5041021885337167,4.321928094887363,18,Q,0.23917995444191345
168,3.4081174643913115,4.321928094887363,19,K,0.31880733944954126
169,3.509232189242318,4.321928094887363,18,V,0.2304147465437788
170,3.4282303974582766,4.321928094887363,18,Y,0.27816091954022987
171,3.2057959379429772,4.321928094887363,17,A,0.33867276887871856
172,3.2009836773696714,4.321928094887363,18,L,0.3623853211009174
173,3.336680194046081,4.321928094887363,20,F,0.35172413793103446
174,3.0995861628412835,4.321928094887363,18,Y,0.41244239631336405
175,3.629483031238912,4.321928094887363,18,R,0.1875
176,3.1612941222196613,4.321928094887363,18,L,0.39400921658986177
177,3.252829215837083,4.321928094887363,18,D,0.36596736596736595
178,3.389897564735234,4.321928094887363,18,I,0.3044496487119438
179,3.337551384731943,4.321928094887363,18,V,0.345707656612529
180,3.322932021468707,4.321928094887363,18,P,0.32941176470588235
181,3.1914636049663665,4.321928094887363,18,L,0.3546099290780142
182,3.633603059119837,4.321928094887363,18,N,0.1868421052631579
183,3.7370580719352695,4.321928094887363,18,N,0.16022099447513813
184,3.8143528866323657,4.321928094887363,19,N,0.13333333333333333
185,3.615978395612177,4.321928094887363,18,N,0.2537313432835821
186,3.621581237905959,4.321928094887363,17,S,0.20057306590257878
187,3.455799511197855,4.321928094887363,19,S,0.23157894736842105
188,3.5582526219950776,4.321928094887363,18,N,0.23703703703703705
189,2.943648102155596,4.321928094887363,17,N,0.3561320754716981
190,3.198689573882405,4.321928094887363,18,S,0.3721461187214612
191,3.3865372565100538,4.321928094887363,19,S,0.3068181818181818
192,3.417626877263555,4.321928094887363,18,E,0.2585034013605442
193,3.5497379335374877,4.321928094887363,18,S,0.17002881844380405
194,3.1864878251373043,4.321928094887363,18,Y,0.31385281385281383
195,3.3186152894281475,4.321928094887363,18,R,0.26552462526766596
196,3.3571656138162327,4.321928094887363,19,L,0.3044397463002114
197,3.3020273292982694,4.321928094887363,19,I,0.3171247357293869
198,3.2105956626534744,4.321928094887363,19,N,0.3763213530655391
199,3.2099021326933856,4.321928094887363,18,C,0.33752620545073375
200,3.2855629586101704,4.321928094887363,19,N,0.33611691022964507
201,3.2724195239971827,4.321928094887363,18,T,0.35196687370600416
202,3.216316762636421,4.321928094887363,18,S,0.3168724279835391
203,3.5072859252243953,4.321928094887363,20,A,0.2463768115942029
204,3.3462430643507566,4.321928094887363,18,I,0.2962962962962963
205,3.4307056265306177,4.321928094887363,18,T,0.29124236252545826
206,3.3647098093372523,4.321928094887363,18,Q,0.3020408163265306
207,3.360747876192204,4.321928094887363,18,A,0.3020408163265306
208,3.284766485790486,4.321928094887363,17,C,0.32719836400818
209,3.119838698007606,4.321928094887363,18,P,0.39183673469387753
210,3.406840912271157,4.321928094887363,20,K,0.3034623217922607
211,3.514698174654686,4.321928094887363,19,V,0.24796747967479674
212,3.574485278001982,4.321928094887363,19,S,0.22560975609756098
213,3.2480846938454877,4.321928094887363,19,F,0.31160896130346233
214,3.2684718141116655,4.321928094887363,18,D,0.2703252032520325
215,2.9637515609510836,4.321928094887363,17,P,0.42276422764227645
216,3.1047017099110428,4.321928094887363,19,I,0.3869653767820774
217,3.140307119155776,4.321928094887363,19,P,0.3737166324435318
218,3.2019049649875035,4.321928094887363,19,I,0.3313008130081301
219,3.310312607167208,4.321928094887363,18,H,0.2938775510204082
220,3.238843271992349,4.321928094887363,17,Y,0.3054989816700611
221,3.2114070498648926,4.321928094887363,19,C,0.31160896130346233
222,3.374741156611277,4.321928094887363,17,T,0.24236252545824846
223,3.300733072729692,4.321928094887363,17,P,0.31097560975609756
224,3.3305284952444336,4.321928094887363,17,A,0.3510204081632653
225,3.2709058743272093,4.321928094887363,17,G,0.31568228105906315
226,3.540223140696273,4.321928094887363,19,Y,0.22810590631364563
227,3.339584441219315,4.321928094887363,18,A,0.32448979591836735
228,3.4889010481389797,4.321928094887363,17,L,0.17142857142857143
229,3.351996354713827,4.321928094887363,18,L,0.27607361963190186
230,3.2610712379807176,4.321928094887363,19,K,0.3497942386831276
231,3.315100657835372,4.321928094887363,18,C,0.32382892057026474
232,3.33597009976193,4.321928094887363,17,N,0.3040816326530612
233,3.5159972352461346,4.321928094887363,18,D,0.21428571428571427
234,3.2800310970247306,4.321928094887363,18,K,0.32723577235772355
235,3.6067887248169246,4.321928094887363,19,T,0.16122448979591836
236,3.2254168454007512,4.321928094887363,19,F,0.3
237,3.007326120931245,4.321928094887363,18,N,0.39835728952772076
238,3.1738001925372767,4.321928094887363,18,G,0.3803680981595092
239,3.219205347030274,4.321928094887363,18,T,0.34959349593495936
240,3.2166456815473494,4.321928094887363,16,G,0.3422131147540984
241,3.404042728542082,4.321928094887363,17,P,0.27346938775510204
242,3.005381621200214,4.321928094887363,17,C,0.35040983606557374
243,3.604353636546306,4.321928094887363,17,N,0.12804878048780488
244,3.1548462497260075,4.321928094887363,18,N,0.3150406504065041
245,3.0085309577478823,4.321928094887363,17,V,0.3935091277890467
246,3.1499497909287535,4.321928094887363,15,S,0.34552845528455284
247,3.291501085908151,4.321928094887363,18,T,0.20977596741344195
248,3.169002761686116,4.321928094887363,17,V,0.359026369168357
249,3.2596934520192367,4.321928094887363,15,Q,0.3089430894308943
250,3.156655526053386,4.321928094887363,15,C,0.30691056910569103
251,3.180662081512746,4.321928094887363,19,T,0.35234215885947046
252,3.289360624594685,4.321928094887363,15,H,0.3008130081300813
253,3.273248697869576,4.321928094887363,16,G,0.31910569105691056
254,3.2706005007931034,4.321928094887363,17,I,0.3067484662576687
255,3.2904490356052,4.321928094887363,15,K,0.29065040650406504
256,3.142408188107046,4.321928094887363,15,P,0.30284552845528456
257,3.1063276263974626,4.321928094887363,16,V,0.36863543788187375
258,3.098197088536495,4.321928094887363,16,V,0.32382892057026474
259,3.13098551103045,4.321928094887363,17,S,0.3448275862068966
260,3.103857619236695,4.321928094887363,16,T,0.31097560975609756
261,3.1027518838670196,4.321928094887363,17,Q,0.3080082135523614
262,2.790428312454567,4.321928094887363,18,L,0.47551020408163264
263,2.975081349809794,4.321928094887363,16,L,0.40408163265306124
264,2.962862153072401,4.321928094887363,17,L,0.3987730061349693
265,3.2247883488130964,4.321928094887363,18,N,0.3141683778234086
266,3.2341259987098003,4.321928094887363,17,G,0.3149284253578732
267,3.1147263556274662,4.321928094887363,17,S,0.3210633946830266
268,2.9609724809841556,4.321928094887363,17,L,0.4077868852459016
269,3.2839467548336385,4.321928094887363,17,A,0.29508196721311475
270,2.9508115339322076,4.321928094887363,16,E,0.422360248447205
271,3.1199824832158183,4.321928094887363,16,E,0.32989690721649484
272,3.2570122715521315,4.321928094887363,16,E,0.28629856850715746
273,2.911865637495525,4.321928094887363,15,I,0.44421487603305787
274,3.2445670038404524,4.321928094887363,19,I,0.35892116182572614
275,3.2705540500961603,4.321928094887363,15,I,0.256198347107438
276,3.243984498254984,4.321928094887363,18,R,0.26859504132231404
277,3.268770645218635,4.321928094887363,18,S,0.3132780082987552
278,3.243307184418089,4.321928094887363,16,E,0.29313929313929316
279,2.755208274765277,4.321928094887363,16,N,0.42291666666666666
280,3.234466983348168,4.321928094887363,19,L,0.2883817427385892
281,3.200436844652033,4.321928094887363,17,T,0.31666666666666665
282,3.310951630374997,4.321928094887363,17,N,0.296218487394958
283,3.106085781126848,4.321928094887363,17,N,0.3729166666666667
284,3.3414876380786076,4.321928094887363,17,I,0.17782426778242677
285,3.0820253748320288,4.321928094887363,17,K,0.3276955602536998
286,3.0025324097464567,4.321928094887363,16,T,0.35789473684210527
287,3.0390325973930445,4.321928094887363,18,I,0.3924050632911392
288,3.1549120044334082,4.321928094887363,17,I,0.3705263157894737
289,3.1032415919234215,4.321928094887363,19,V,0.39872068230277186
290,3.477750948314441,4.321928094887363,18,H,0.2542372881355932
291,3.317910135232732,4.321928094887363,17,L,0.3044397463002114
292,3.1013431713868225,4.321928094887363,19,N,0.38493723849372385
293,3.5467849142193075,4.321928094887363,18,K,0.16880341880341881
294,3.439638181947709,4.321928094887363,18,S,0.2647058823529412
295,3.377865722445179,4.321928094887363,16,V,0.28991596638655465
296,3.56892196674174,4.321928094887363,20,E,0.2359081419624217
297,3.0294416648703923,4.321928094887363,19,I,0.33970276008492567
298,3.33926925788641,4.321928094887363,16,V,0.1962025316455696
299,3.2554734174977393,4.321928094887363,19,C,0.3067226890756303
300,3.3320431724418667,4.321928094887363,20,T,0.32558139534883723
301,3.1467813724397646,4.321928094887363,19,R,0.3601694915254237
302,3.2109515801430346,4.321928094887363,19,P,0.30962343096234307
303,3.3329349012375467,4.321928094887363,20,N,0.2857142857142857
304,2.991763277417724,4.321928094887363,19,N,0.3919491525423729
305,3.1556936131486473,4.321928094887363,19,N,0.35095137420718814
306,3.2058868798165463,4.321928094887363,19,T,0.3184713375796178
307,3.1495737199662885,4.321928094887363,17,R,0.3683083511777302
308,3.446487493700677,4.321928094887363,20,K,0.2709677419354839
309,3.287130442296381,4.321928094887363,19,S,0.3111587982832618
310,3.2916924980868214,4.321928094887363,19,I,0.33760683760683763
311,3.2740659534130034,4.321928094887363,19,R,0.30620985010706636
312,3.1294536709038754,4.321928094887363,18,I,0.3448275862068966
313,3.0244919393882608,4.321928094887363,18,G,0.43722943722943725
314,3.337194076378608,4.321928094887363,18,P,0.3147751605995717
315,3.248302060544949,4.321928094887363,20,G,0.3779697624190065
316,3.361643652289825,4.321928094887363,19,Q,0.2937365010799136
317,3.311453725984695,4.321928094887363,20,T,0.28354978354978355
318,3.2206352498326516,4.321928094887363,19,F,0.2950108459869848
319,3.4667692222769912,4.321928094887363,19,Y,0.2850877192982456
320,3.2012624357511514,4.321928094887363,19,A,0.31788079470198677
321,3.3774520108642068,4.321928094887363,19,T,0.3090507726269316
322,3.15352159446545,4.321928094887363,19,G,0.36423841059602646
323,3.569841539769509,4.321928094887363,19,D,0.20620842572062084
324,3.2243172439273198,4.321928094887363,19,I,0.38031319910514544
325,3.1688746430064394,4.321928094887363,19,I,0.39420935412026725
326,3.2452535074809203,4.321928094887363,19,G,0.35280898876404493
327,3.4136301345728812,4.321928094887363,19,D,0.2789115646258503
328,3.2800297953017656,4.321928094887363,19,I,0.37757437070938216
329,3.2936841164795214,4.321928094887363,19,R,0.34174311926605505
330,3.6091373906817195,4.321928094887363,19,Q,0.271461716937355
331,3.4355617646063514,4.321928094887363,18,A,0.33874709976798145
332,3.587036909330246,4.321928094887363,20,H,0.2680652680652681
333,3.271408559181522,4.321928094887363,18,C,0.34285714285714286
334,3.2535428085760967,4.321928094887363,19,N,0.3818615751789976
335,3.400259918654155,4.321928094887363,17,I,0.34292565947242204
336,3.411404508100465,4.321928094887363,19,S,0.31873479318734793
337,3.7701108124709073,4.321928094887363,19,E,0.17
338,3.775315674202607,4.321928094887363,18,K,0.15926892950391644
339,3.6024549458450092,4.321928094887363,18,N,0.18586387434554974
340,3.246474081623742,4.321928094887363,18,W,0.33915211970074816
341,3.54286413238106,4.321928094887363,20,N,0.23
342,3.407951938065405,4.321928094887363,19,E,0.25870646766169153
343,3.029371459524076,4.321928094887363,20,T,0.3625
344,3.3266328535265757,4.321928094887363,20,L,0.3640897755610973
345,3.7442663641110405,4.321928094887363,18,Q,0.22474747474747475
346,3.5233154368288964,4.321928094887363,19,N,0.19597989949748743
347,3.3163043531981162,4.321928094887363,20,V,0.35074626865671643
348,3.43591096747262,4.321928094887363,18,S,0.2695214105793451
349,3.1061154662578216,4.321928094887363,18,K,0.3944723618090452
350,3.1894439890164508,4.321928094887363,18,K,0.3620253164556962
351,3.2496928274150463,4.321928094887363,20,L,0.3677581863979849
352,3.637059283676289,4.321928094887363,19,A,0.24433249370277077
353,3.383424719902308,4.321928094887363,18,E,0.3167082294264339
354,3.363285559371697,4.321928094887363,19,H,0.27722772277227725
355,3.159279269242504,4.321928094887363,17,F,0.35910224438902744
356,3.610036395148173,4.321928094887363,20,P,0.21573604060913706
357,3.2808949432670844,4.321928094887363,17,N,0.3480392156862745
358,3.314534631538131,4.321928094887363,18,K,0.33496332518337407
359,3.216701392234744,4.321928094887363,18,T,0.34793187347931875
360,3.102618787937784,4.321928094887363,18,I,0.3801452784503632
361,3.634432377498221,4.321928094887363,18,K,0.16985645933014354
362,3.353094348137072,4.321928094887363,19,F,0.3532219570405728
363,3.678164650467058,4.321928094887363,18,S,0.14685314685314685
364,3.310672301727876,4.321928094887363,19,S,0.2853828306264501
365,3.334873701546,4.321928094887363,18,S,0.3002309468822171
366,3.2681858152398644,4.321928094887363,18,S,0.3503480278422274
367,3.143354034197373,4.321928094887363,19,G,0.38990825688073394
368,3.212722674759791,4.321928094887363,19,G,0.3804100227790433
369,3.2796803619791572,4.321928094887363,18,D,0.3340909090909091
370,3.435831141093435,4.321928094887363,19,L,0.2692307692307692
371,3.3358948781004263,4.321928094887363,20,E,0.3490990990990991
372,3.423092966150082,4.321928094887363,17,I,0.3146067415730337
373,3.2242721647564925,4.321928094887363,18,T,0.3400900900900901
374,3.304906281513345,4.321928094887363,19,T,0.31756756756756754
375,3.265735090201609,4.321928094887363,18,H,0.3333333333333333
376,3.26692518823481,4.321928094887363,19,S,0.34606741573033706
377,3.2037771443300787,4.321928094887363,19,F,0.38565022421524664
378,3.2139300879004202,4.321928094887363,20,N,0.34811529933481156
379,3.08558531227497,4.321928094887363,18,C,0.35033259423503327
380,3.329836922636226,4.321928094887363,18,R,0.26991150442477874
381,3.1032220065249874,4.321928094887363,20,G,0.34811529933481156
382,3.154212799768353,4.321928094887363,19,E,0.3363028953229399
383,2.8325250053497286,4.321928094887363,18,F,0.4533333333333333
384,2.861156012198055,4.321928094887363,19,F,0.40898876404494383
385,3.077675740619374,4.321928094887363,19,Y,0.3295711060948081
386,3.125121755488391,4.321928094887363,19,C,0.3501144164759725
387,3.113829570518707,4.321928094887363,19,N,0.37327188940092165
388,3.0538703763875796,4.321928094887363,18,T,0.3833718244803695
389,2.9896325756166298,4.321928094887363,18,S,0.3472222222222222
390,3.421176312759763,4.321928094887363,20,G,0.25471698113207547
391,3.0208565651790384,4.321928094887363,17,L,0.35731414868105515
392,3.099256484195387,4.321928094887363,18,F,0.3704600484261501
393,2.9983695174357337,4.321928094887363,19,N,0.4585365853658537
394,3.3374885239011123,4.321928094887363,20,S,0.20707070707070707
395,3.0798270827317054,4.321928094887363,20,T,0.3769230769230769
396,3.3462981732573875,4.321928094887363,19,Y,0.2925531914893617
397,3.7287726321090044,4.321928094887363,20,N,0.12874251497005987
398,3.658226596238498,4.321928094887363,19,T,0.1695501730103806
399,2.968869533887118,4.321928094887363,19,N,0.4269005847953216
400,3.555207813225734,4.321928094887363,20,G,0.19491525423728814
401,2.9674891857238914,4.321928094887363,19,T,0.44126074498567336
402,3.7324087958900503,4.321928094887363,19,T,0.16023738872403562
403,3.615012144567486,4.321928094887363,19,N,0.2005813953488372
404,3.077299896914731,4.321928094887363,19,N,0.42196531791907516
405,3.4957001350008565,4.321928094887363,19,S,0.2088235294117647
406,3.511510162302505,4.321928094887363,18,I,0.2032258064516129
407,3.5999404242549016,4.321928094887363,19,S,0.2556818181818182
408,3.5113163948707196,4.321928094887363,19,T,0.2194513715710723
409,3.1130880460368617,4.321928094887363,18,I,0.42280285035629456
410,3.0895283752008615,4.321928094887363,17,T,0.3915094339622642
411,3.2310054306043146,4.321928094887363,20,I,0.4046511627906977
412,3.309936849914844,4.321928094887363,19,P,0.271889400921659
413,3.3307233644694567,4.321928094887363,19,C,0.3325740318906606
414,3.4741128886422046,4.321928094887363,19,R,0.30493273542600896
415,3.0699987279586844,4.321928094887363,19,I,0.4336283185840708
416,3.4314342607724515,4.321928094887363,18,K,0.31868131868131866
417,3.276822449648121,4.321928094887363,19,Q,0.358695652173913
418,3.3950387763782772,4.321928094887363,20,I,0.35
419,3.3847703550986767,4.321928094887363,19,I,0.3468950749464668
420,3.3954382432391026,4.321928094887363,20,N,0.35181236673773986
421,3.469206767153852,4.321928094887363,18,M,0.3206751054852321
422,3.4965804397685805,4.321928094887363,19,W,0.3148936170212766
423,3.285554588438945,4.321928094887363,19,Q,0.3431578947368421
424,3.7454235970674308,4.321928094887363,18,E,0.20210526315789473
425,3.3981597435891198,4.321928094887363,18,V,0.3089770354906054
426,3.343765195224304,4.321928094887363,17,G,0.32983193277310924
427,3.553776363703089,4.321928094887363,19,R,0.27253668763102723
428,3.304796565693272,4.321928094887363,19,A,0.37083333333333335
429,3.377619198827182,4.321928094887363,19,M,0.29521829521829523
430,3.4789535118866106,4.321928094887363,19,Y,0.3029045643153527
431,3.4358422672388844,4.321928094887363,17,A,0.33195020746887965
432,3.3857605980317285,4.321928094887363,19,P,0.32989690721649484
433,3.3381073994781456,4.321928094887363,18,P,0.3422680412371134
434,3.3311173134180136,4.321928094887363,18,I,0.3525773195876289
435,3.532388086159096,4.321928094887363,19,A,0.2962962962962963
436,3.3993997101036886,4.321928094887363,18,G,0.3326488706365503
437,3.4922121209246293,4.321928094887363,19,N,0.29896907216494845
438,3.3396759833836938,4.321928094887363,18,I,0.3711340206185567
439,3.357477221618107,4.321928094887363,18,T,0.32231404958677684
440,3.426396164152691,4.321928094887363,18,C,0.3006134969325153
441,3.640368657664248,4.321928094887363,18,K,0.1908713692946058
442,3.3422822574086335,4.321928094887363,19,S,0.324435318275154
443,3.459130904680796,4.321928094887363,20,N,0.30721649484536084
444,3.2404432595589374,4.321928094887363,18,I,0.3683127572016461
445,3.139407215526873,4.321928094887363,17,T,0.36099585062240663
446,3.197359712145752,4.321928094887363,18,G,0.3575883575883576
447,3.1808077065984968,4.321928094887363,19,L,0.35330578512396693
448,3.1679656981090343,4.321928094887363,19,L,0.3473684210526316
449,3.0890129756675835,4.321928094887363,18,L,0.3677685950413223
450,3.3911440209637194,4.321928094887363,20,V,0.24791666666666667
451,3.1296887884215203,4.321928094887363,17,R,0.31752577319587627
452,3.1806773266727113,4.321928094887363,18,D,0.3237113402061856
453,3.040375218732462,4.321928094887363,19,G,0.3884297520661157
454,3.1605918164528393,4.321928094887363,20,G,0.375
455,3.62173225893228,4.321928094887363,20,T,0.18584070796460178
456,3.5425907723175762,4.321928094887363,19,G,0.16173120728929385
457,3.5894379974535804,4.321928094887363,19,T,0.1939655172413793
458,3.1426944514654864,4.321928094887363,20,N,0.3710691823899371
459,3.5630622275729893,4.321928094887363,19,N,0.1722689075630252
460,3.146056319651645,4.321928094887363,19,T,0.32563025210084034
461,3.251138183218963,4.321928094887363,18,E,0.32
462,3.387217561048598,4.321928094887363,19,T,0.2572614107883817
463,3.4261595985660294,4.321928094887363,19,F,0.3
464,3.4502544800287542,4.321928094887363,18,R,0.33127572016460904
465,3.4429638066348915,4.321928094887363,18,P,0.2985685071574642
466,3.352324847698049,4.321928094887363,19,G,0.36721991701244816
467,2.9711391141672725,4.321928094887363,17,G,0.4455852156057495
468,3.1793834205649936,4.321928094887363,18,G,0.4156378600823045
469,3.5918759258617925,4.321928094887363,18,D,0.2331288343558282
470,3.511846362447628,4.321928094887363,18,M,0.2740286298568507
471,3.532746122188164,4.321928094887363,18,R,0.2505091649694501
472,3.4190364829714266,4.321928094887363,18,D,0.32790224032586557
473,3.3582055918709104,4.321928094887363,18,N,0.3543788187372709
474,3.4313453477923654,4.321928094887363,17,W,0.291497975708502
475,3.4331647115962958,4.321928094887363,18,R,0.3225152129817444
476,3.606485243230701,4.321928094887363,18,S,0.2784552845528455
477,3.3912120224627578,4.321928094887363,18,E,0.3562753036437247
478,3.4582706613264613,4.321928094887363,18,L,0.305668016194332
479,3.476067825379876,4.321928094887363,18,Y,0.32727272727272727
480,3.2849713815781696,4.321928094887363,17,K,0.35699797160243407
481,3.366697023332037,4.321928094887363,18,Y,0.3265720081135903
482,3.2951096625430796,4.321928094887363,18,K,0.3441295546558704
483,3.2191083759018886,4.321928094887363,18,V,0.37398373983739835
484,3.336710752621842,4.321928094887363,18,V,0.32926829268292684
485,3.404935959280016,4.321928094887363,17,E,0.29959514170040485
486,3.492034724515187,4.321928094887363,18,I,0.24646464646464647
487,3.267713997117709,4.321928094887363,18,K,0.3076923076923077
488,3.3939507501022192,4.321928094887363,18,P,0.305668016194332
489,3.3570784416728556,4.321928094887363,18,L,0.29959514170040485
490,3.355838007558332,4.321928094887363,18,G,0.29411764705882354
491,3.3031070732128183,4.321928094887363,18,V,0.26720647773279355
492,3.234815342789722,4.321928094887363,16,A,0.3212121212121212
493,3.2098916218615323,4.321928094887363,16,P,0.3097165991902834
494,3.3015219012488988,4.321928094887363,17,T,0.2909090909090909
495,3.4548085501485626,4.321928094887363,17,A,0.14807302231237324
496,3.087841083520736,4.321928094887363,16,A,0.34146341463414637
497,3.0988889497823076,4.321928094887363,17,K,0.31781376518218624
498,2.83637448415204,4.321928094887363,17,R,0.42073170731707316
499,2.917760217232131,4.321928094887363,18,R,0.3717171717171717
500,2.7687778085278056,4.321928094887363,16,V,0.44646464646464645
501,3.0169224756777107,4.321928094887363,16,V,0.3556910569105691
502,3.1700727792955754,4.321928094887363,16,E,0.2732793522267207
503,2.9170299141422373,4.321928094887363,16,R,0.37627811860940696
504,3.3156854937887115,4.321928094887363,17,E,0.2657200811359026
505,3.095466719857324,4.321928094887363,17,K,0.30831643002028397
506,2.9025690427266393,4.321928094887363,15,R,0.39591836734693875
507,3.1604230626308047,4.321928094887363,16,A,0.3326530612244898
508,3.082496908238789,4.321928094887363,16,V,0.3112033195020747
509,3.087636216557273,4.321928094887363,14,G,0.3581780538302277
510,3.3007521191389335,4.321928094887363,16,I,0.21095334685598377
511,2.8151252919758414,4.321928094887363,14,G,0.39553752535496955
512,2.914197521112108,4.321928094887363,15,A,0.4089068825910931
513,3.2111008268425634,4.321928094887363,14,V,0.26720647773279355
514,3.0969960263734087,4.321928094887363,15,F,0.298989898989899
515,3.025218704209454,4.321928094887363,15,L,0.30505050505050507
516,2.751534998526805,4.321928094887363,13,G,0.4251012145748988
517,2.9905724764072295,4.321928094887363,14,F,0.3292929292929293
518,2.9545434975757443,4.321928094887363,16,L,0.3623481781376518
519,2.8074957979518405,4.321928094887363,14,G,0.3939393939393939
520,3.048476406851038,4.321928094887363,13,A,0.281947261663286
521,2.812650021016126,4.321928094887363,13,A,0.4149797570850202
522,2.820493140716512,4.321928094887363,13,G,0.4048582995951417
523,2.907732729492666,4.321928094887363,14,S,0.34475806451612906
524,3.0132920536602907,4.321928094887363,15,T,0.3259109311740891
525,2.8587433611128024,4.321928094887363,11,M,0.301010101010101
526,2.819081867377018,4.321928094887363,14,G,0.37575757575757573
527,2.752988608275651,4.321928094887363,13,A,0.4109311740890688
528,2.766532077479399,4.321928094887363,14,A,0.44646464646464645
529,3.110666936354347,4.321928094887363,15,S,0.3084677419354839
530,3.364534565223544,4.321928094887363,14,A,0.15555555555555556
531,2.9327604692850957,4.321928094887363,13,T,0.26411290322580644
532,2.93998871005149,4.321928094887363,14,L,0.35555555555555557
533,3.0564901616431035,4.321928094887363,12,T,0.3407258064516129
534,3.0295115656727893,4.321928094887363,15,V,0.298989898989899
535,3.0312080232393592,4.321928094887363,16,Q,0.34274193548387094
536,2.875200078054801,4.321928094887363,13,A,0.37373737373737376
537,2.9920880586152565,4.321928094887363,13,R,0.30443548387096775
538,2.8779264897011507,4.321928094887363,15,Q,0.4
539,2.8414037338940306,4.321928094887363,15,L,0.4012096774193548
540,2.868394099639889,4.321928094887363,13,L,0.38306451612903225
541,3.1429089176106118,4.321928094887363,17,S,0.3090909090909091
542,3.0074608680513486,4.321928094887363,15,G,0.3488843813387424
543,3.0582263629996147,4.321928094887363,14,I,0.31048387096774194
544,3.0652578680298346,4.321928094887363,15,V,0.31313131313131315
545,2.7498173657047937,4.321928094887363,15,Q,0.44556451612903225
546,2.899839600723215,4.321928094887363,16,Q,0.42943548387096775
547,2.9153036474117595,4.321928094887363,16,Q,0.4173387096774194
548,3.1244538822068892,4.321928094887363,16,S,0.21616161616161617
549,3.106775411960286,4.321928094887363,16,N,0.3097165991902834
550,2.9364768248986417,4.321928094887363,17,L,0.40725806451612906
551,2.8794240773532667,4.321928094887363,16,L,0.3878787878787879
552,3.235671040335529,4.321928094887363,16,R,0.23232323232323232
553,3.0918178627464594,4.321928094887363,16,A,0.3212121212121212
554,3.168602851216285,4.321928094887363,16,I,0.298989898989899
555,3.095081585287215,4.321928094887363,15,E,0.29292929292929293
556,3.030951204143897,4.321928094887363,16,A,0.3434343434343434
557,2.9818677171932966,4.321928094887363,15,Q,0.4153225806451613
558,3.1207311482392406,4.321928094887363,15,Q,0.38306451612903225
559,3.2826019664371247,4.321928094887363,16,H,0.28830645161290325
560,3.290681160697528,4.321928094887363,15,M,0.2157258064516129
561,2.8615939838466575,4.321928094887363,16,L,0.40524193548387094
562,2.801378524274828,4.321928094887363,16,Q,0.4505050505050505
563,3.0106166219541977,4.321928094887363,17,L,0.40725806451612906
564,3.239023995212998,4.321928094887363,17,T,0.29554655870445345
565,3.1732776948970396,4.321928094887363,16,V,0.31781376518218624
566,3.1590532420790858,4.321928094887363,18,W,0.296969696969697
567,3.218507545751902,4.321928094887363,16,G,0.3002028397565923
568,3.2542593669010103,4.321928094887363,17,I,0.3064516129032258
569,3.221023166014815,4.321928094887363,18,K,0.301010101010101
570,2.948543156119601,4.321928094887363,16,Q,0.3838383838383838
571,3.1483437461559673,4.321928094887363,18,L,0.3656565656565657
572,3.1174672488166104,4.321928094887363,17,Q,0.34949494949494947
573,3.44704296947091,4.321928094887363,18,T,0.1693548387096774
574,3.0597320340372214,4.321928094887363,18,R,0.3474747474747475
575,3.2098552252684183,4.321928094887363,17,V,0.3024193548387097
576,3.051264702751831,4.321928094887363,17,L,0.40606060606060607
577,3.1464134448526035,4.321928094887363,17,A,0.3306288032454361
578,3.3596825270204653,4.321928094887363,17,I,0.24242424242424243
579,3.34416998884844,4.321928094887363,20,E,0.2923387096774194
580,3.330837129675281,4.321928094887363,19,R,0.3125
581,3.3157364178273845,4.321928094887363,19,Y,0.29435483870967744
582,3.091313322117659,4.321928094887363,17,L,0.42338709677419356
583,3.524653152255612,4.321928094887363,18,K,0.2217741935483871
584,3.3414059234132036,4.321928094887363,18,D,0.2903225806451613
585,3.2353063345459465,4.321928094887363,20,Q,0.3717171717171717
586,3.296513828463753,4.321928094887363,19,Q,0.34949494949494947
587,3.103403424318471,4.321928094887363,18,L,0.43434343434343436
588,3.2034975047119136,4.321928094887363,20,L,0.37575757575757573
589,3.1838081954162836,4.321928094887363,19,G,0.3616161616161616
590,3.4314981041917525,4.321928094887363,20,I,0.2808080808080808
591,3.400738947453015,4.321928094887363,20,W,0.3016194331983806
592,3.2291841644671377,4.321928094887363,18,G,0.3582995951417004
593,3.3250611733765014,4.321928094887363,18,C,0.3407258064516129
594,3.432094828498346,4.321928094887363,17,S,0.30303030303030304
595,3.316995172557602,4.321928094887363,18,G,0.3564154786150713
596,3.47019798783481,4.321928094887363,19,K,0.2963709677419355
597,3.5682599296064863,4.321928094887363,19,L,0.2611336032388664
598,3.413232481918441,4.321928094887363,20,I,0.3157894736842105
599,3.269570309360974,4.321928094887363,18,C,0.31048387096774194
600,3.314776878866409,4.321928094887363,17,T,0.3575757575757576
601,3.337450420011879,4.321928094887363,19,T,0.33535353535353535
602,3.626405658499879,4.321928094887363,18,A,0.1947261663286004
603,3.411785437108603,4.321928094887363,18,V,0.291497975708502
604,3.4171794756538367,4.321928094887363,19,P,0.2857142857142857
605,3.329836789260034,4.321928094887363,18,W,0.3245967741935484
606,3.4142496429761753,4.321928094887363,20,N,0.33874239350912777
607,3.31937247809934,4.321928094887363,20,S,0.32793522267206476
608,3.272500050446058,4.321928094887363,20,S,0.3434959349593496
609,3.2082890171758836,4.321928094887363,20,W,0.36863543788187375
610,3.024360369292427,4.321928094887363,19,S,0.42653061224489797
611,3.288061714475647,4.321928094887363,19,N,0.359026369168357
612,3.253167032098739,4.321928094887363,19,K,0.32179226069246436
613,3.45385448979005,4.321928094887363,19,S,0.3183673469387755
614,3.7546023171053666,4.321928094887363,20,Q,0.14198782961460446
615,3.7438422452448794,4.321928094887363,20,E,0.12727272727272726
616,3.4906947400708193,4.321928094887363,20,E,0.2616632860040568
617,3.314328215155727,4.321928094887363,20,I,0.31097560975609756
618,3.3108591018449776,4.321928094887363,19,W,0.3721881390593047
619,3.486325110369757,4.321928094887363,19,N,0.19262295081967212
620,3.3981584276601757,4.321928094887363,18,N,0.33127572016460904
621,3.3094275510312845,4.321928094887363,20,M,0.2769857433808554
622,3.226346114847457,4.321928094887363,18,T,0.3122448979591837
623,3.219881415142046,4.321928094887363,17,W,0.34419551934826886
624,3.4200131358363226,4.321928094887363,20,M,0.2886178861788618
625,3.3144143435577686,4.321928094887363,16,Q,0.2606060606060606
626,3.1463178938859557,4.321928094887363,17,W,0.37067209775967414
627,3.4347786581979443,4.321928094887363,17,D,0.2550607287449393
628,3.509748288221846,4.321928094887363,17,K,0.21906693711967545
629,3.208993575955914,4.321928094887363,18,E,0.3721881390593047
630,3.4093039595990207,4.321928094887363,18,I,0.3170731707317073
631,3.532671294435907,4.321928094887363,17,S,0.2069672131147541
632,3.2429242431610135,4.321928094887363,16,N,0.310838445807771
633,3.2772077203186583,4.321928094887363,17,Y,0.31568228105906315
634,3.3315237227597785,4.321928094887363,18,T,0.3114754098360656
635,3.5519349476445585,4.321928094887363,18,N,0.16598360655737704
636,3.329139539701114,4.321928094887363,17,T,0.28336755646817247
637,3.1953579483611123,4.321928094887363,18,I,0.3360488798370672
638,3.3633059496225757,4.321928094887363,18,Y,0.3141683778234086
639,3.5911331507756903,4.321928094887363,16,R,0.1414141414141414
640,3.1550013664147745,4.321928094887363,18,L,0.37474541751527496
641,3.266478917056082,4.321928094887363,16,L,0.33877551020408164
642,3.06509512052784,4.321928094887363,18,E,0.3816326530612245
643,3.5530844723501125,4.321928094887363,17,E,0.1721311475409836
644,3.2930226465040597,4.321928094887363,17,S,0.27474747474747474
645,3.0262223493236604,4.321928094887363,17,Q,0.3693877551020408
646,3.3464693505521645,4.321928094887363,18,N,0.2571428571428571
647,2.9251927498801895,4.321928094887363,16,Q,0.4190283400809717
648,3.01271274063727,4.321928094887363,17,Q,0.3890020366598778
649,2.96169155876866,4.321928094887363,17,E,0.3434959349593496
650,3.369844185133635,4.321928094887363,15,K,0.17959183673469387
651,3.119466443061564,4.321928094887363,17,N,0.32382892057026474
652,2.979047243637009,4.321928094887363,15,E,0.3813387423935091
653,3.230588687380647,4.321928094887363,17,K,0.3012295081967213
654,3.12906195651891,4.321928094887363,15,D,0.29006085192697767
655,2.9542686871651322,4.321928094887363,16,L,0.4117647058823529
656,3.0181016806620136,4.321928094887363,16,L,0.4
657,3.214370439481532,4.321928094887363,17,A,0.24693877551020407
658,2.7561474298496926,4.321928094887363,17,L,0.48065173116089616
659,3.1166236127301645,4.321928094887363,17,D,0.30284552845528456
660,3.433100569658481,4.321928094887363,17,S,0.25
661,3.0434133898093982,4.321928094887363,15,W,0.3727087576374745
662,3.5495660761564767,4.321928094887363,18,K,0.16463414634146342
663,3.21930320347716,4.321928094887363,15,N,0.23408624229979466
664,3.03259613924059,4.321928094887363,15,L,0.36475409836065575
665,3.07210172407323,4.321928094887363,19,W,0.4186991869918699
666,3.344213514404525,4.321928094887363,15,N,0.2510204081632653
667,3.0631047991529683,4.321928094887363,19,W,0.42973523421588594
668,3.199324432847333,4.321928094887363,17,F,0.2967479674796748
669,3.4965199486194054,4.321928094887363,18,W,0.1643002028397566
670,3.2594594149103204,4.321928094887363,18,I,0.3340080971659919
671,3.492858327458329,4.321928094887363,17,S,0.1643002028397566
672,3.4204176229608283,4.321928094887363,18,N,0.22983870967741934
673,2.9216694140865616,4.321928094887363,18,W,0.3800813008130081
674,3.321407401279969,4.321928094887363,18,L,0.32323232323232326
675,3.0784171411241688,4.321928094887363,18,W,0.3717171717171717
676,3.368670801087302,4.321928094887363,18,Y,0.29292929292929293
677,2.9347899742951262,4.321928094887363,18,I,0.451417004048583
678,3.3581803588493466,4.321928094887363,18,K,0.2510204081632653
679,3.0076785825266086,4.321928094887363,18,I,0.4268292682926829
680,3.144218331777957,4.321928094887363,16,F,0.305668016194332
681,2.899564747966347,4.321928094887363,17,I,0.43584521384928715
682,3.013207906149222,4.321928094887363,18,M,0.2799188640973631
683,2.941076319484895,4.321928094887363,16,I,0.43232323232323233
684,3.0870711827193067,4.321928094887363,18,V,0.3002028397565923
685,2.926425071788771,4.321928094887363,17,G,0.37777777777777777
686,2.9812189789022114,4.321928094887363,16,G,0.3407707910750507
687,2.84086545093159,4.321928094887363,15,L,0.33805668016194335
688,2.902940797801146,4.321928094887363,16,I,0.40365111561866124
689,2.978872836213413,4.321928094887363,17,G,0.37777777777777777
690,3.046495038598661,4.321928094887363,17,L,0.3595959595959596
691,2.861338927702219,4.321928094887363,16,R,0.31643002028397565
692,2.967920943825845,4.321928094887363,17,I,0.3975659229208925
693,3.0243504204023695,4.321928094887363,17,I,0.39553752535496955
694,3.118103376119703,4.321928094887363,16,F,0.3022312373225152
695,3.268187509359936,4.321928094887363,18,A,0.2787878787878788
696,2.9944402891777084,4.321928094887363,16,V,0.35294117647058826
697,3.1844012753328395,4.321928094887363,17,L,0.31983805668016196
698,3.0971791716448203,4.321928094887363,17,S,0.31313131313131315
699,3.3333136539532027,4.321928094887363,17,I,0.3319838056680162
700,3.0338648218995545,4.321928094887363,18,V,0.3890020366598778
701,3.395979857903318,4.321928094887363,18,N,0.26720647773279355
702,3.13151097878917,4.321928094887363,16,R,0.332657200811359
703,3.1994325313423424,4.321928094887363,17,V,0.35845213849287166
704,3.1079983290135775,4.321928094887363,17,R,0.3448275862068966
705,3.279276190274079,4.321928094887363,17,Q,0.3231707317073171
706,3.2079016724471185,4.321928094887363,17,G,0.3516260162601626
707,3.3266634455204667,4.321928094887363,19,Y,0.291497975708502
708,3.2489303394378632,4.321928094887363,17,S,0.3286004056795132
709,3.1482954882151404,4.321928094887363,16,P,0.36511156186612576
710,3.2820694844992593,4.321928094887363,16,L,0.3333333333333333
711,3.34135330633912,4.321928094887363,18,S,0.3157894736842105
712,3.439932471792475,4.321928094887363,16,L,0.27530364372469635
713,3.2842425118389187,4.321928094887363,16,Q,0.3448275862068966
714,3.320180447816068,4.321928094887363,17,T,0.2886178861788618
715,3.460159248261524,4.321928094887363,16,L,0.24949290060851928
716,3.417806212438074,4.321928094887363,16,I,0.25661914460285135
717,3.347107377074555,4.321928094887363,17,P,0.3456032719836401
718,3.4519547856294617,4.321928094887363,17,N,0.2657200811359026
719,3.175909726498748,4.321928094887363,18,P,0.3617886178861789
720,3.4226634281851394,4.321928094887363,17,G,0.2764227642276423
721,3.1850680967988434,4.321928094887363,16,G,0.2816326530612245
722,3.2901759979430687,4.321928094887363,17,P,0.31097560975609756
723,3.034262728508913,4.321928094887363,16,D,0.3034623217922607
724,3.1017228489202595,4.321928094887363,17,R,0.3537832310838446
725,3.2177796429746985,4.321928094887363,17,L,0.24236252545824846
726,2.936613578593953,4.321928094887363,18,G,0.35728952772073924
727,3.1583904706947448,4.321928094887363,16,R,0.2392638036809816
728,3.1052961647194186,4.321928094887363,18,I,0.2979591836734694
729,2.8913656858784176,4.321928094887363,18,E,0.4105691056910569
730,2.8159890623421338,4.321928094887363,15,E,0.4186991869918699
731,2.8358376838214547,4.321928094887363,15,E,0.35991820040899797
732,2.974464399130192,4.321928094887363,19,G,0.4329268292682927
733,2.877856600158412,4.321928094887363,16,G,0.37398373983739835
734,2.941523367786719,4.321928094887363,16,E,0.4142857142857143
735,3.332904023636274,4.321928094887363,17,Q,0.28252032520325204
736,3.1252029060505784,4.321928094887363,16,G,0.2657200811359026
737,3.1818460774073123,4.321928094887363,16,R,0.31771894093686354
738,3.2397646117613688,4.321928094887363,16,D,0.25708502024291496
739,3.310203163099382,4.321928094887363,18,R,0.35787321063394684
740,3.169548151171096,4.321928094887363,17,S,0.3142857142857143
741,3.4626280199818287,4.321928094887363,18,R,0.22661122661122662
742,3.269807697138267,4.321928094887363,17,R,0.3421588594704684
743,3.2717275781980986,4.321928094887363,19,L,0.32926829268292684
744,3.2304943298088764,4.321928094887363,18,V,0.3048780487804878
745,3.6505315235858844,4.321928094887363,19,S,0.15071283095723015
746,3.2464236018991723,4.321928094887363,17,G,0.3306288032454361
747,3.305464278045551,4.321928094887363,19,F,0.2961460446247465
748,3.2439499596983925,4.321928094887363,18,L,0.35294117647058826
749,3.361530510934894,4.321928094887363,19,A,0.27235772357723576
750,3.0123591719463265,4.321928094887363,18,L,0.41260162601626016
751,3.6127261225595304,4.321928094887363,18,A,0.2145748987854251
752,3.2613734982186484,4.321928094887363,18,W,0.2997946611909651
753,3.2926225293785114,4.321928094887363,18,D,0.34959349593495936
754,2.947301092631509,4.321928094887363,18,D,0.3299595141700405
755,3.0962734071226246,4.321928094887363,19,L,0.4
756,3.087074843152724,4.321928094887363,19,R,0.3752535496957404
757,3.313724647745043,4.321928094887363,17,N,0.23983739837398374
758,2.9698467139759375,4.321928094887363,17,L,0.42769857433808556
759,3.2002382700679313,4.321928094887363,18,C,0.2845528455284553
760,2.743092270377394,4.321928094887363,17,L,0.48884381338742394
761,3.2381724706420925,4.321928094887363,18,F,0.3333333333333333
762,3.285558032363189,4.321928094887363,18,S,0.2631578947368421
763,3.345661827722374,4.321928094887363,18,Y,0.2973523421588595
764,3.203742085323783,4.321928094887363,16,H,0.2854251012145749
765,2.9482633977784864,4.321928094887363,18,R,0.3414141414141414
766,3.0765445835120304,4.321928094887363,18,L,0.41818181818181815
767,3.133136392309081,4.321928094887363,18,R,0.3543788187372709
768,3.2199015263038175,4.321928094887363,16,D,0.2985685071574642
769,3.305568338681509,4.321928094887363,18,F,0.2757201646090535
770,3.3956908381413613,4.321928094887363,17,L,0.2167689161554192
771,3.054075567187485,4.321928094887363,18,L,0.39014373716632444
772,3.2114986505445815,4.321928094887363,18,V,0.2786885245901639
773,3.270349577637151,4.321928094887363,18,T,0.2836734693877551
774,3.3161274864937473,4.321928094887363,18,A,0.2786885245901639
775,2.9955039810893473,4.321928094887363,18,R,0.3619631901840491
776,3.3301251289561855,4.321928094887363,18,V,0.3326488706365503
777,3.276670833290922,4.321928094887363,18,V,0.32581967213114754
778,3.3066115537974095,4.321928094887363,18,E,0.30184804928131415
779,3.0046721405824828,4.321928094887363,17,L,0.430327868852459
780,3.1181680924634816,4.321928094887363,18,L,0.4218106995884774
781,3.231302345817464,4.321928094887363,18,G,0.351129363449692
782,3.023829815317264,4.321928094887363,17,R,0.3854166666666667
783,3.387377087273798,4.321928094887363,17,L,0.21505376344086022
784,3.3403408622485236,4.321928094887363,18,S,0.23605150214592274
785,3.110196353710827,4.321928094887363,17,L,0.3782051282051282
786,3.464583784189636,4.321928094887363,17,R,0.22103004291845493
787,3.1697912188100363,4.321928094887363,18,G,0.3354564755838641
788,3.0821189237519264,4.321928094887363,17,L,0.4004282655246253
789,3.312311015303606,4.321928094887363,17,Q,0.24842105263157896
790,3.180900978867808,4.321928094887363,17,R,0.32719836400818
791,3.217115724583924,4.321928094887363,17,G,0.36270491803278687
792,3.032867091762337,4.321928094887363,15,W,0.32653061224489793
793,3.210571235462769,4.321928094887363,17,E,0.30879345603271985
794,3.506784828669213,4.321928094887363,18,A,0.23565573770491804
795,2.8449437538459788,4.321928094887363,16,L,0.47346938775510206
796,3.1900318139801085,4.321928094887363,16,K,0.3163265306122449
797,3.166598482840234,4.321928094887363,15,Y,0.3081632653061224
798,2.827338842619758,4.321928094887363,16,L,0.44650205761316875
799,3.2788192584601106,4.321928094887363,18,G,0.3047034764826176
800,3.2738562876082997,4.321928094887363,16,S,0.3014256619144603
801,3.1458967446597095,4.321928094887363,17,L,0.4142857142857143
802,3.366752945805204,4.321928094887363,16,V,0.28252032520325204
803,3.3294276364799136,4.321928094887363,15,Q,0.27494908350305497
804,3.302193302893401,4.321928094887363,17,Y,0.3176229508196721
805,3.242294522592282,4.321928094887363,16,W,0.3075356415478615
806,3.3472392326152813,4.321928094887363,17,G,0.26476578411405294
